capacidade_estadio,publico_estadio,time_casa,valor_mercado_casa,valor_mercado_media_casa,media_idade_casa,jogadores_de_selecao_casa,jogadores_de_sub_selecao_casa,estrangeiros_casa,gols_casa,posse_casa,socios_torcedores_casa,tentativas_casa,chutes_fora_casa,defesa_casa,escanteios_casa,cobrancas_falta_casa,faltas_cometidas_casa,impedimentos_casa,time_fora,valor_mercado_fora,valor_mercado_media_fora,media_idade_fora,jogadores_de_selecao_fora,jogadores_de_sub_selecao_fora,estrangeiros_fora,socios_torcedores_fora,gols_fora,posse_fora,tentativas_fora,chutes_fora_fora,defesa_fora,escanteios_fora,cobrancas_falta_fora,faltas_cometidas_fora,impedimentos_fora,ano,fase
37.182,0,Coritiba FC,16500.0,569.0,27.8,1.0,0.0,4.0,0,36,38000.0,1,1,3,2,11,5,3,SC Internacional,97050.0,2370.0,25.3,4.0,3.0,9.0,142000.0,1,64,8,3,0,6,5,13,2,2020,1.Rodada
35.000,0,Sport Recife,33250.0,1010.0,28.1,0.0,1.0,8.0,3,32,43659.0,4,0,0,0,2,1,1,Ceará SC,25600.0,731.0,28.5,0.0,0.0,5.0,10236.0,2,68,2,0,0,1,1,3,0,2020,1.Rodada
78.838,0,CR Flamengo,201250.0,6490.0,27.0,12.0,1.0,7.0,0,63,109442.0,17,10,4,9,21,12,2,Atlético Mineiro,87500.0,3020.0,27.1,3.0,2.0,7.0,85000.0,1,37,10,2,2,2,10,24,3,2020,1.Rodada
20.120,0,Santos FC,88750.0,2610.0,26.7,3.0,2.0,8.0,1,54,70773.0,10,5,5,4,19,10,4,RB Bragantino,66600.0,2300.0,25.0,4.0,0.0,7.0,0.0,1,46,18,8,3,2,9,19,2,2020,1.Rodada
60.326,0,Fortaleza EC,47150.0,1630.0,30.0,2.0,1.0,10.0,0,43,34119.0,10,4,3,3,7,12,1,Athletico Paranaense,38300.0,1200.0,26.3,1.0,3.0,8.0,0.0,2,57,13,4,3,4,11,7,1,2020,1.Rodada
46.931,0,Botafogo FR,119000.0,3970.0,25.8,4.0,3.0,5.0,1,61,56417.0,15,8,2,8,14,18,0,EC Bahia,90600.0,3020.0,27.7,2.0,1.0,5.0,75000.0,2,39,12,7,1,5,14,14,1,2020,1.Rodada
49.205,0,SC Corinthians,111250.0,3370.0,26.4,5.0,2.0,10.0,0,53,116188.0,12,8,5,4,10,18,4,Atlético Goianiense,17100.0,518.0,26.9,0.0,1.0,4.0,0.0,0,47,17,7,4,7,18,12,2,2020,1.Rodada
12.500,0,Goiás EC,13800.0,460.0,28.1,0.0,0.0,3.0,0,41,0.0,9,4,3,2,18,16,0,São Paulo FC,76850.0,2260.0,27.0,7.0,0.0,7.0,151724.0,3,59,15,6,3,9,16,19,1,2020,1.Rodada
43.600,0,SE Palmeiras,228450.0,7370.0,25.8,7.0,1.0,8.0,1,55,175974.0,14,7,2,6,11,19,0,CR Vasco da Gama,84750.0,2290.0,27.5,3.0,2.0,12.0,53957.0,1,45,12,5,2,3,17,11,2,2020,1.Rodada
57.000,0,Atlético Mineiro,87500.0,3020.0,27.1,3.0,2.0,7.0,3,55,85000.0,25,9,2,8,11,19,3,SC Corinthians,111250.0,3370.0,26.4,5.0,2.0,10.0,116188.0,2,45,7,2,10,4,18,11,1,2020,2.Rodada
42.372,0,Athletico Paranaense,38300.0,1200.0,26.3,1.0,3.0,8.0,2,100,0.0,2,0,0,0,0,0,0,Goiás EC,13800.0,460.0,28.1,0.0,0.0,3.0,0.0,1,0,1,0,0,0,0,0,0,2020,2.Rodada
13.212,0,RB Bragantino,66600.0,2300.0,25.0,4.0,0.0,7.0,1,55,0.0,23,12,2,11,8,13,1,Botafogo FR,119000.0,3970.0,25.8,4.0,3.0,5.0,56417.0,1,45,9,6,7,3,13,8,1,2020,2.Rodada
13.000,0,Atlético Goianiense,17100.0,518.0,26.9,0.0,1.0,4.0,3,35,0.0,13,5,3,11,19,15,2,CR Flamengo,201250.0,6490.0,27.0,12.0,1.0,7.0,109442.0,0,65,8,3,4,5,15,19,1,2020,2.Rodada
30.000,0,EC Bahia,90600.0,3020.0,27.7,2.0,1.0,5.0,1,46,75000.0,12,7,3,3,17,16,1,Coritiba FC,16500.0,569.0,27.8,1.0,0.0,4.0,38000.0,0,54,14,8,4,8,14,18,5,2020,2.Rodada
82.238,0,Fluminense FC,66750.0,1850.0,28.2,6.0,2.0,9.0,1,52,48280.0,10,6,0,3,30,20,3,SE Palmeiras,228450.0,7370.0,25.8,7.0,1.0,8.0,175974.0,1,48,9,5,0,3,18,31,0,2020,2.Rodada
60.326,0,Ceará SC,25600.0,731.0,28.5,0.0,0.0,5.0,1,42,10236.0,11,5,7,1,7,17,1,Grêmio FBPA,93600.0,2840.0,26.4,3.0,2.0,11.0,148613.0,1,58,14,4,4,7,15,7,0,2020,2.Rodada
67.428,0,São Paulo FC,76850.0,2260.0,27.0,7.0,0.0,7.0,1,52,151724.0,13,7,3,6,17,16,4,Fortaleza EC,47150.0,1630.0,30.0,2.0,1.0,10.0,34119.0,0,48,12,6,2,7,14,18,3,2020,2.Rodada
56.000,0,SC Internacional,97050.0,2370.0,25.3,4.0,3.0,9.0,2,58,142000.0,25,13,1,9,13,28,2,Santos FC,88750.0,2610.0,26.7,3.0,2.0,8.0,70773.0,0,42,6,3,5,4,26,14,2,2020,2.Rodada
24.584,0,CR Vasco da Gama,84750.0,2290.0,27.5,3.0,2.0,12.0,2,46,53957.0,9,2,1,5,16,29,1,Sport Recife,33250.0,1010.0,28.1,0.0,1.0,8.0,43659.0,0,54,13,8,4,8,29,17,4,2020,2.Rodada
60.540,0,Grêmio FBPA,93600.0,2840.0,26.4,3.0,2.0,11.0,0,47,148613.0,24,9,2,7,14,16,0,SC Corinthians,111250.0,3370.0,26.4,5.0,2.0,10.0,116188.0,0,53,5,2,7,5,14,14,0,2020,3.Rodada
37.182,0,Coritiba FC,16500.0,569.0,27.8,1.0,0.0,4.0,0,33,38000.0,8,2,6,4,16,25,2,CR Flamengo,201250.0,6490.0,27.0,12.0,1.0,7.0,109442.0,1,67,18,5,3,5,24,16,1,2020,3.Rodada
57.000,0,Atlético Mineiro,87500.0,3020.0,27.1,3.0,2.0,7.0,2,61,85000.0,11,3,1,4,12,14,2,Ceará SC,25600.0,731.0,28.5,0.0,0.0,5.0,10236.0,0,39,13,7,3,0,12,15,1,2020,3.Rodada
24.584,0,CR Vasco da Gama,84750.0,2290.0,27.5,3.0,2.0,12.0,2,41,53957.0,8,5,4,3,15,16,1,São Paulo FC,76850.0,2260.0,27.0,7.0,0.0,7.0,151724.0,1,59,11,4,1,4,14,15,1,2020,3.Rodada
30.000,0,EC Bahia,90600.0,3020.0,27.7,2.0,1.0,5.0,2,42,75000.0,10,4,2,3,14,16,2,RB Bragantino,66600.0,2300.0,25.0,4.0,0.0,7.0,0.0,1,58,16,7,2,7,15,16,1,2020,3.Rodada
82.238,0,Fluminense FC,66750.0,1850.0,28.2,6.0,2.0,9.0,2,43,48280.0,10,2,1,1,23,13,1,SC Internacional,97050.0,2370.0,25.3,4.0,3.0,9.0,142000.0,1,57,9,4,3,4,11,24,1,2020,3.Rodada
13.500,0,Atlético Goianiense,17100.0,518.0,26.9,0.0,1.0,4.0,1,32,0.0,10,5,3,4,15,13,0,Sport Recife,33250.0,1010.0,28.1,0.0,1.0,8.0,43659.0,1,68,15,8,3,9,12,15,2,2020,3.Rodada
60.326,0,Fortaleza EC,47150.0,1630.0,30.0,2.0,1.0,10.0,0,58,34119.0,12,8,6,4,8,9,2,Botafogo FR,119000.0,3970.0,25.8,4.0,3.0,5.0,56417.0,0,42,15,6,1,7,9,8,1,2020,3.Rodada
20.120,0,Santos FC,88750.0,2610.0,26.7,3.0,2.0,8.0,3,33,70773.0,11,5,1,2,21,9,0,Athletico Paranaense,38300.0,1200.0,26.3,1.0,3.0,8.0,0.0,1,67,12,6,3,6,9,22,0,2020,3.Rodada
78.838,0,CR Flamengo,201250.0,6490.0,27.0,12.0,1.0,7.0,1,60,109442.0,8,4,1,1,19,17,1,Grêmio FBPA,93600.0,2840.0,26.4,3.0,2.0,11.0,148613.0,1,40,10,5,1,2,16,20,3,2020,4.Rodada
13.212,0,RB Bragantino,66600.0,2300.0,25.0,4.0,0.0,7.0,2,52,0.0,13,6,3,6,14,19,2,Fluminense FC,66750.0,1850.0,28.2,6.0,2.0,9.0,48280.0,1,48,9,3,1,4,18,14,0,2020,4.Rodada
42.372,0,Athletico Paranaense,38300.0,1200.0,26.3,1.0,3.0,8.0,0,56,0.0,6,5,2,5,18,20,0,SE Palmeiras,228450.0,7370.0,25.8,7.0,1.0,8.0,175974.0,1,44,10,6,0,7,19,19,2,2020,4.Rodada
56.000,0,SC Internacional,97050.0,2370.0,25.3,4.0,3.0,9.0,3,57,142000.0,11,3,1,4,16,19,1,Atlético Goianiense,17100.0,518.0,26.9,0.0,1.0,4.0,0.0,0,43,7,5,2,3,16,17,2,2020,4.Rodada
50.049,0,Goiás EC,13800.0,460.0,28.1,0.0,0.0,3.0,1,47,0.0,13,9,0,2,14,16,3,Fortaleza EC,47150.0,1630.0,30.0,2.0,1.0,10.0,34119.0,3,53,13,5,3,6,14,15,2,2020,4.Rodada
46.931,0,Botafogo FR,119000.0,3970.0,25.8,4.0,3.0,5.0,2,26,56417.0,10,3,8,7,10,9,1,Atlético Mineiro,87500.0,3020.0,27.1,3.0,2.0,7.0,85000.0,1,74,31,13,3,16,6,10,2,2020,4.Rodada
49.205,0,SC Corinthians,111250.0,3370.0,26.4,5.0,2.0,10.0,3,63,116188.0,23,6,3,10,6,15,0,Coritiba FC,16500.0,569.0,27.8,1.0,0.0,4.0,38000.0,1,37,9,3,9,0,15,7,3,2020,4.Rodada
35.000,0,Sport Recife,33250.0,1010.0,28.1,0.0,1.0,8.0,0,41,43659.0,11,3,4,4,17,23,1,Santos FC,88750.0,2610.0,26.7,3.0,2.0,8.0,70773.0,1,59,16,10,5,5,22,17,1,2020,4.Rodada
67.428,0,São Paulo FC,76850.0,2260.0,27.0,7.0,0.0,7.0,1,68,151724.0,24,12,3,5,16,14,4,EC Bahia,90600.0,3020.0,27.7,2.0,1.0,5.0,75000.0,1,32,8,2,4,6,14,16,1,2020,4.Rodada
60.326,0,Ceará SC,25600.0,731.0,28.5,0.0,0.0,5.0,0,58,10236.0,22,9,1,13,13,18,1,CR Vasco da Gama,84750.0,2290.0,27.5,3.0,2.0,12.0,53957.0,3,42,5,0,2,2,18,14,2,2020,4.Rodada
42.372,0,Athletico Paranaense,38300.0,1200.0,26.3,1.0,3.0,8.0,0,65,0.0,14,6,2,7,11,21,1,Fluminense FC,66750.0,1850.0,28.2,6.0,2.0,9.0,48280.0,1,35,9,3,5,2,21,12,2,2020,5.Rodada
56.000,0,SC Internacional,97050.0,2370.0,25.3,4.0,3.0,9.0,1,33,142000.0,6,1,0,2,20,20,3,Atlético Mineiro,87500.0,3020.0,27.1,3.0,2.0,7.0,85000.0,0,67,11,5,2,5,19,21,1,2020,5.Rodada
78.838,0,CR Flamengo,201250.0,6490.0,27.0,12.0,1.0,7.0,1,67,109442.0,15,5,0,5,16,15,0,Botafogo FR,119000.0,3970.0,25.8,4.0,3.0,5.0,56417.0,1,33,7,4,4,4,14,17,2,2020,5.Rodada
24.584,0,CR Vasco da Gama,84750.0,2290.0,27.5,3.0,2.0,12.0,0,47,53957.0,10,6,4,6,17,23,1,Grêmio FBPA,93600.0,2840.0,26.4,3.0,2.0,11.0,148613.0,0,53,14,5,3,4,23,17,0,2020,5.Rodada
67.000,0,SE Palmeiras,228450.0,7370.0,25.8,7.0,1.0,8.0,2,49,175974.0,17,6,2,5,13,21,4,Santos FC,88750.0,2610.0,26.7,3.0,2.0,8.0,70773.0,1,51,9,4,3,6,19,14,0,2020,5.Rodada
13.212,0,RB Bragantino,66600.0,2300.0,25.0,4.0,0.0,7.0,1,47,0.0,15,5,2,10,18,17,1,Coritiba FC,16500.0,569.0,27.8,1.0,0.0,4.0,38000.0,2,53,7,1,1,3,14,18,2,2020,5.Rodada
60.326,0,Ceará SC,25600.0,731.0,28.5,0.0,0.0,5.0,2,38,10236.0,11,5,7,6,7,21,1,EC Bahia,90600.0,3020.0,27.7,2.0,1.0,5.0,75000.0,0,62,16,7,2,11,18,7,1,2020,5.Rodada
49.205,0,SC Corinthians,111250.0,3370.0,26.4,5.0,2.0,10.0,1,59,116188.0,21,10,2,5,11,14,0,Fortaleza EC,47150.0,1630.0,30.0,2.0,1.0,10.0,34119.0,1,41,10,7,6,1,13,12,5,2020,5.Rodada
46.931,0,Botafogo FR,119000.0,3970.0,25.8,4.0,3.0,5.0,0,49,56417.0,7,4,2,5,21,14,2,SC Internacional,97050.0,2370.0,25.3,4.0,3.0,9.0,142000.0,2,51,7,2,2,3,13,24,2,2020,6.Rodada
82.238,0,Fluminense FC,66750.0,1850.0,28.2,6.0,2.0,9.0,2,46,48280.0,12,6,3,2,16,19,1,CR Vasco da Gama,84750.0,2290.0,27.5,3.0,2.0,12.0,53957.0,1,54,9,3,1,4,15,16,1,2020,6.Rodada
30.000,0,EC Bahia,90600.0,3020.0,27.7,2.0,1.0,5.0,1,49,75000.0,9,1,4,8,15,15,1,SE Palmeiras,228450.0,7370.0,25.8,7.0,1.0,8.0,175974.0,1,51,11,3,0,2,15,16,4,2020,6.Rodada
60.326,0,Fortaleza EC,47150.0,1630.0,30.0,2.0,1.0,10.0,3,59,34119.0,13,6,2,3,9,22,0,RB Bragantino,66600.0,2300.0,25.0,4.0,0.0,7.0,0.0,0,41,6,3,3,4,19,10,1,2020,6.Rodada
67.428,0,São Paulo FC,76850.0,2260.0,27.0,7.0,0.0,7.0,2,53,151724.0,14,7,4,7,22,16,2,SC Corinthians,111250.0,3370.0,26.4,5.0,2.0,10.0,116188.0,1,47,7,2,3,4,16,22,1,2020,6.Rodada
20.120,0,Santos FC,88750.0,2610.0,26.7,3.0,2.0,8.0,0,52,70773.0,22,11,5,9,26,14,5,CR Flamengo,201250.0,6490.0,27.0,12.0,1.0,7.0,109442.0,1,48,10,4,5,2,12,26,1,2020,6.Rodada
37.182,0,Coritiba FC,16500.0,569.0,27.8,1.0,0.0,4.0,1,58,38000.0,13,6,1,5,17,14,0,Sport Recife,33250.0,1010.0,28.1,0.0,1.0,8.0,43659.0,0,42,7,4,2,2,14,19,1,2020,6.Rodada
13.000,0,Atlético Goianiense,17100.0,518.0,26.9,0.0,1.0,4.0,0,54,0.0,14,8,3,4,10,16,1,Ceará SC,25600.0,731.0,28.5,0.0,0.0,5.0,10236.0,2,46,13,2,4,4,16,11,2,2020,6.Rodada
57.000,0,Atlético Mineiro,87500.0,3020.0,27.1,3.0,2.0,7.0,0,64,85000.0,21,8,4,9,23,7,1,Athletico Paranaense,38300.0,1200.0,26.3,1.0,3.0,8.0,0.0,2,36,10,3,6,1,7,23,1,2020,6.Rodada
60.540,0,Grêmio FBPA,93600.0,2840.0,26.4,3.0,2.0,11.0,2,66,148613.0,26,12,1,8,17,15,2,Goiás EC,13800.0,460.0,28.1,0.0,0.0,3.0,0.0,1,34,5,2,8,1,15,17,1,2020,6.Rodada
60.326,0,Ceará SC,25600.0,731.0,28.5,0.0,0.0,5.0,1,27,10236.0,9,5,0,2,18,22,4,Fortaleza EC,47150.0,1630.0,30.0,2.0,1.0,10.0,34119.0,0,73,5,3,3,6,20,18,2,2020,7.Rodada
50.049,0,Goiás EC,13800.0,460.0,28.1,0.0,0.0,3.0,1,46,0.0,11,7,3,3,12,16,1,SC Corinthians,111250.0,3370.0,26.4,5.0,2.0,10.0,116188.0,2,54,11,5,3,6,14,12,0,2020,7.Rodada
82.238,0,Fluminense FC,66750.0,1850.0,28.2,6.0,2.0,9.0,1,43,48280.0,11,4,2,2,16,14,0,Atlético Goianiense,17100.0,518.0,26.9,0.0,1.0,4.0,0.0,1,57,15,9,3,9,13,16,1,2020,7.Rodada
46.931,0,Botafogo FR,119000.0,3970.0,25.8,4.0,3.0,5.0,0,55,56417.0,17,9,3,6,21,23,1,Coritiba FC,16500.0,569.0,27.8,1.0,0.0,4.0,38000.0,0,45,7,2,5,6,22,21,0,2020,7.Rodada
42.372,0,Athletico Paranaense,38300.0,1200.0,26.3,1.0,3.0,8.0,1,58,0.0,11,3,2,2,11,15,1,RB Bragantino,66600.0,2300.0,25.0,4.0,0.0,7.0,0.0,1,42,18,8,4,8,13,12,0,2020,7.Rodada
55.000,0,EC Bahia,90600.0,3020.0,27.7,2.0,1.0,5.0,3,42,75000.0,14,6,3,5,17,8,2,CR Flamengo,201250.0,6490.0,27.0,12.0,1.0,7.0,109442.0,5,58,20,7,3,6,8,17,2,2020,7.Rodada
43.600,0,SE Palmeiras,228450.0,7370.0,25.8,7.0,1.0,8.0,1,50,175974.0,11,5,1,5,22,21,1,SC Internacional,97050.0,2370.0,25.3,4.0,3.0,9.0,142000.0,1,50,8,2,0,4,20,23,0,2020,7.Rodada
20.120,0,Santos FC,88750.0,2610.0,26.7,3.0,2.0,8.0,2,61,70773.0,11,3,1,9,20,17,2,CR Vasco da Gama,84750.0,2290.0,27.5,3.0,2.0,12.0,53957.0,2,39,9,3,3,2,16,21,1,2020,7.Rodada
60.540,0,Grêmio FBPA,93600.0,2840.0,26.4,3.0,2.0,11.0,1,72,148613.0,28,15,1,11,11,10,1,Sport Recife,33250.0,1010.0,28.1,0.0,1.0,8.0,43659.0,2,28,5,2,6,1,10,11,1,2020,7.Rodada
23.018,0,Atlético Mineiro,87500.0,3020.0,27.1,3.0,2.0,7.0,3,51,85000.0,14,3,4,5,10,18,3,São Paulo FC,76850.0,2260.0,27.0,7.0,0.0,7.0,151724.0,0,49,13,7,5,3,16,11,1,2020,7.Rodada
78.838,0,CR Flamengo,201250.0,6490.0,27.0,12.0,1.0,7.0,2,62,109442.0,18,9,1,11,19,12,3,Fortaleza EC,47150.0,1630.0,30.0,2.0,1.0,10.0,34119.0,1,38,4,2,6,3,11,21,4,2020,8.Rodada
49.205,0,SC Corinthians,111250.0,3370.0,26.4,5.0,2.0,10.0,2,61,116188.0,14,4,1,12,9,18,1,Botafogo FR,119000.0,3970.0,25.8,4.0,3.0,5.0,56417.0,2,39,13,8,4,6,17,10,2,2020,8.Rodada
60.326,0,Ceará SC,25600.0,731.0,28.5,0.0,0.0,5.0,0,63,10236.0,13,6,3,7,18,18,1,Santos FC,88750.0,2610.0,26.7,3.0,2.0,8.0,70773.0,1,37,9,3,6,5,18,18,2,2020,8.Rodada
13.212,0,RB Bragantino,66600.0,2300.0,25.0,4.0,0.0,7.0,1,38,0.0,20,8,2,5,10,23,1,SE Palmeiras,228450.0,7370.0,25.8,7.0,1.0,8.0,175974.0,2,62,14,7,3,3,23,12,2,2020,8.Rodada
67.428,0,São Paulo FC,76850.0,2260.0,27.0,7.0,0.0,7.0,3,50,151724.0,14,9,3,3,12,20,0,Fluminense FC,66750.0,1850.0,28.2,6.0,2.0,9.0,48280.0,1,50,12,4,0,2,19,13,2,2020,8.Rodada
56.000,0,SC Internacional,97050.0,2370.0,25.3,4.0,3.0,9.0,2,62,142000.0,9,2,1,7,10,11,0,EC Bahia,90600.0,3020.0,27.7,2.0,1.0,5.0,75000.0,2,38,9,3,3,5,11,11,1,2020,8.Rodada
24.584,0,CR Vasco da Gama,84750.0,2290.0,27.5,3.0,2.0,12.0,1,32,53957.0,8,5,4,3,15,7,2,Athletico Paranaense,38300.0,1200.0,26.3,1.0,3.0,8.0,0.0,0,68,14,4,1,2,5,16,1,2020,8.Rodada
13.000,0,Atlético Goianiense,17100.0,518.0,26.9,0.0,1.0,4.0,1,49,0.0,8,6,1,3,12,16,0,Grêmio FBPA,93600.0,2840.0,26.4,3.0,2.0,11.0,148613.0,1,51,6,4,1,3,16,13,1,2020,8.Rodada
35.000,0,Sport Recife,33250.0,1010.0,28.1,0.0,1.0,8.0,2,52,43659.0,17,6,4,9,15,18,1,Goiás EC,13800.0,460.0,28.1,0.0,0.0,3.0,0.0,1,48,10,5,4,4,16,17,0,2020,8.Rodada
37.182,0,Coritiba FC,16500.0,569.0,27.8,1.0,0.0,4.0,0,47,38000.0,13,5,1,4,16,14,0,Atlético Mineiro,87500.0,3020.0,27.1,3.0,2.0,7.0,85000.0,1,53,19,12,3,4,13,19,2,2020,8.Rodada
42.372,0,Athletico Paranaense,38300.0,1200.0,26.3,1.0,3.0,8.0,1,61,0.0,17,9,4,7,8,19,3,Botafogo FR,119000.0,3970.0,25.8,4.0,3.0,5.0,56417.0,1,39,12,5,2,3,17,10,2,2020,9.Rodada
50.049,0,Goiás EC,13800.0,460.0,28.1,0.0,0.0,3.0,3,55,0.0,19,8,0,9,11,27,0,Coritiba FC,16500.0,569.0,27.8,1.0,0.0,4.0,38000.0,3,45,13,5,4,2,25,13,2,2020,9.Rodada
60.326,0,Fortaleza EC,47150.0,1630.0,30.0,2.0,1.0,10.0,1,53,34119.0,12,7,1,6,14,27,0,Sport Recife,33250.0,1010.0,28.1,0.0,1.0,8.0,43659.0,0,47,4,2,3,1,26,14,2,2020,9.Rodada
67.428,0,São Paulo FC,76850.0,2260.0,27.0,7.0,0.0,7.0,1,59,151724.0,14,5,1,5,16,18,5,RB Bragantino,66600.0,2300.0,25.0,4.0,0.0,7.0,0.0,1,41,10,5,3,1,15,18,2,2020,9.Rodada
82.238,0,Fluminense FC,66750.0,1850.0,28.2,6.0,2.0,9.0,1,47,48280.0,18,7,4,7,16,15,1,CR Flamengo,201250.0,6490.0,27.0,12.0,1.0,7.0,109442.0,2,53,13,6,2,6,15,16,2,2020,9.Rodada
20.120,0,Santos FC,88750.0,2610.0,26.7,3.0,2.0,8.0,3,42,70773.0,8,3,3,4,15,11,4,Atlético Mineiro,87500.0,3020.0,27.1,3.0,2.0,7.0,85000.0,1,58,16,6,1,5,7,15,1,2020,9.Rodada
56.000,0,SC Internacional,97050.0,2370.0,25.3,4.0,3.0,9.0,2,62,142000.0,17,7,0,10,15,15,1,Ceará SC,25600.0,731.0,28.5,0.0,0.0,5.0,10236.0,0,38,6,5,7,3,15,16,1,2020,9.Rodada
49.205,0,SC Corinthians,111250.0,3370.0,26.4,5.0,2.0,10.0,0,55,116188.0,10,4,6,5,15,13,1,SE Palmeiras,228450.0,7370.0,25.8,7.0,1.0,8.0,175974.0,2,45,21,8,4,6,12,16,2,2020,9.Rodada
55.000,0,EC Bahia,90600.0,3020.0,27.7,2.0,1.0,5.0,0,50,75000.0,17,9,4,8,9,12,1,Grêmio FBPA,93600.0,2840.0,26.4,3.0,2.0,11.0,148613.0,2,50,18,9,6,4,12,9,2,2020,9.Rodada
24.584,0,CR Vasco da Gama,84750.0,2290.0,27.5,3.0,2.0,12.0,1,54,53957.0,9,2,5,1,23,15,0,Atlético Goianiense,17100.0,518.0,26.9,0.0,1.0,4.0,0.0,2,46,13,4,4,4,13,23,1,2020,9.Rodada
42.372,0,Athletico Paranaense,38300.0,1200.0,26.3,1.0,3.0,8.0,1,43,0.0,10,6,1,9,12,21,3,Coritiba FC,16500.0,569.0,27.8,1.0,0.0,4.0,38000.0,0,57,5,2,1,6,21,12,3,2020,10.Rodada
20.120,0,Santos FC,88750.0,2610.0,26.7,3.0,2.0,8.0,2,55,70773.0,10,4,4,5,19,18,1,São Paulo FC,76850.0,2260.0,27.0,7.0,0.0,7.0,151724.0,2,45,12,3,4,2,15,20,3,2020,10.Rodada
82.238,0,Fluminense FC,66750.0,1850.0,28.2,6.0,2.0,9.0,2,49,48280.0,15,7,2,5,14,14,0,SC Corinthians,111250.0,3370.0,26.4,5.0,2.0,10.0,116188.0,1,51,9,5,1,8,12,15,2,2020,10.Rodada
60.540,0,Grêmio FBPA,93600.0,2840.0,26.4,3.0,2.0,11.0,1,56,148613.0,14,4,1,6,12,11,2,Fortaleza EC,47150.0,1630.0,30.0,2.0,1.0,10.0,34119.0,1,44,3,0,2,2,9,13,0,2020,10.Rodada
60.326,0,Ceará SC,25600.0,731.0,28.5,0.0,0.0,5.0,2,37,10236.0,8,3,2,5,5,8,2,CR Flamengo,201250.0,6490.0,27.0,12.0,1.0,7.0,109442.0,0,63,11,7,1,8,8,6,2,2020,10.Rodada
23.018,0,Atlético Mineiro,87500.0,3020.0,27.1,3.0,2.0,7.0,2,64,85000.0,14,5,3,8,18,13,5,RB Bragantino,66600.0,2300.0,25.0,4.0,0.0,7.0,0.0,1,36,12,6,5,3,12,18,0,2020,10.Rodada
50.049,0,Goiás EC,13800.0,460.0,28.1,0.0,0.0,3.0,1,21,0.0,6,3,4,0,14,10,1,SC Internacional,97050.0,2370.0,25.3,4.0,3.0,9.0,142000.0,0,79,15,5,0,12,10,14,5,2020,10.Rodada
30.000,0,EC Bahia,90600.0,3020.0,27.7,2.0,1.0,5.0,0,53,75000.0,9,3,2,5,17,16,5,Atlético Goianiense,17100.0,518.0,26.9,0.0,1.0,4.0,0.0,1,47,12,4,1,5,13,20,1,2020,10.Rodada
43.600,0,SE Palmeiras,228450.0,7370.0,25.8,7.0,1.0,8.0,2,64,175974.0,20,7,2,6,12,15,3,Sport Recife,33250.0,1010.0,28.1,0.0,1.0,8.0,43659.0,2,36,9,3,5,2,14,12,1,2020,10.Rodada
46.931,0,Botafogo FR,119000.0,3970.0,25.8,4.0,3.0,5.0,2,50,56417.0,25,12,3,5,8,18,0,CR Vasco da Gama,84750.0,2290.0,27.5,3.0,2.0,12.0,53957.0,3,50,14,5,7,4,18,8,2,2020,10.Rodada
67.428,0,São Paulo FC,76850.0,2260.0,27.0,7.0,0.0,7.0,1,57,151724.0,16,8,3,4,14,13,3,Athletico Paranaense,38300.0,1200.0,26.3,1.0,3.0,8.0,0.0,0,43,5,2,5,1,13,16,1,2020,11.Rodada
49.205,0,SC Corinthians,111250.0,3370.0,26.4,5.0,2.0,10.0,3,33,116188.0,11,4,3,4,12,15,1,EC Bahia,90600.0,3020.0,27.7,2.0,1.0,5.0,75000.0,2,67,24,13,2,11,15,13,5,2020,11.Rodada
13.212,0,RB Bragantino,66600.0,2300.0,25.0,4.0,0.0,7.0,4,43,0.0,18,8,4,5,10,24,2,Ceará SC,25600.0,731.0,28.5,0.0,0.0,5.0,10236.0,2,57,13,4,5,9,23,11,1,2020,11.Rodada
60.326,0,Fortaleza EC,47150.0,1630.0,30.0,2.0,1.0,10.0,1,42,34119.0,12,7,1,3,19,9,2,SC Internacional,97050.0,2370.0,25.3,4.0,3.0,9.0,142000.0,0,58,11,7,2,7,9,20,2,2020,11.Rodada
13.000,0,Atlético Goianiense,17100.0,518.0,26.9,0.0,1.0,4.0,3,44,0.0,15,3,4,6,14,16,1,Atlético Mineiro,87500.0,3020.0,27.1,3.0,2.0,7.0,85000.0,4,56,14,4,6,4,16,14,4,2020,11.Rodada
60.540,0,Grêmio FBPA,93600.0,2840.0,26.4,3.0,2.0,11.0,1,63,148613.0,13,5,1,6,19,21,0,SE Palmeiras,228450.0,7370.0,25.8,7.0,1.0,8.0,175974.0,1,37,9,4,1,3,20,21,2,2020,11.Rodada
37.182,0,Coritiba FC,16500.0,569.0,27.8,1.0,0.0,4.0,1,54,38000.0,11,5,3,6,15,14,3,CR Vasco da Gama,84750.0,2290.0,27.5,3.0,2.0,12.0,53957.0,0,46,11,5,1,6,14,15,0,2020,11.Rodada
46.931,0,Botafogo FR,119000.0,3970.0,25.8,4.0,3.0,5.0,0,44,56417.0,7,6,6,8,13,15,0,Santos FC,88750.0,2610.0,26.7,3.0,2.0,8.0,70773.0,0,56,21,10,0,10,14,13,1,2020,11.Rodada
35.000,0,Sport Recife,33250.0,1010.0,28.1,0.0,1.0,8.0,1,26,43659.0,8,2,4,5,9,10,3,Fluminense FC,66750.0,1850.0,28.2,6.0,2.0,9.0,48280.0,0,74,18,9,2,8,8,9,3,2020,11.Rodada
78.838,0,CR Flamengo,201250.0,6490.0,27.0,12.0,1.0,7.0,2,67,109442.0,31,13,3,9,11,12,1,Goiás EC,13800.0,460.0,28.1,0.0,0.0,3.0,0.0,1,33,7,2,10,4,12,12,4,2020,11.Rodada
35.000,0,Sport Recife,33250.0,1010.0,28.1,0.0,1.0,8.0,1,47,43659.0,9,3,2,3,14,11,1,SC Corinthians,111250.0,3370.0,26.4,5.0,2.0,10.0,116188.0,0,53,16,8,1,8,11,15,2,2020,12.Rodada
56.000,0,SC Internacional,97050.0,2370.0,25.3,4.0,3.0,9.0,1,42,142000.0,4,0,5,1,15,16,3,São Paulo FC,76850.0,2260.0,27.0,7.0,0.0,7.0,151724.0,1,58,18,7,0,4,16,16,0,2020,12.Rodada
42.372,0,Athletico Paranaense,38300.0,1200.0,26.3,1.0,3.0,8.0,1,55,0.0,13,8,4,1,10,20,2,EC Bahia,90600.0,3020.0,27.7,2.0,1.0,5.0,75000.0,0,45,14,6,3,6,19,11,4,2020,12.Rodada
23.018,0,Atlético Mineiro,87500.0,3020.0,27.1,3.0,2.0,7.0,3,53,85000.0,20,7,3,9,10,20,0,Grêmio FBPA,93600.0,2840.0,26.4,3.0,2.0,11.0,148613.0,1,47,9,5,3,4,20,11,0,2020,12.Rodada
24.584,0,CR Vasco da Gama,84750.0,2290.0,27.5,3.0,2.0,12.0,1,57,53957.0,10,4,2,2,16,9,4,RB Bragantino,66600.0,2300.0,25.0,4.0,0.0,7.0,0.0,1,43,12,6,0,5,7,16,1,2020,12.Rodada
43.600,0,SE Palmeiras,228450.0,7370.0,25.8,7.0,1.0,8.0,1,60,175974.0,17,7,3,5,16,13,1,CR Flamengo,201250.0,6490.0,27.0,12.0,1.0,7.0,109442.0,1,40,10,4,6,4,13,16,0,2020,12.Rodada
60.326,0,Ceará SC,25600.0,731.0,28.5,0.0,0.0,5.0,2,60,10236.0,19,8,5,11,13,14,8,Goiás EC,13800.0,460.0,28.1,0.0,0.0,3.0,0.0,2,40,10,2,3,7,12,14,3,2020,12.Rodada
13.000,0,Atlético Goianiense,17100.0,518.0,26.9,0.0,1.0,4.0,1,53,0.0,10,5,4,7,11,16,2,Botafogo FR,119000.0,3970.0,25.8,4.0,3.0,5.0,56417.0,1,47,16,6,1,5,14,12,0,2020,12.Rodada
20.120,0,Santos FC,88750.0,2610.0,26.7,3.0,2.0,8.0,1,55,70773.0,15,6,2,9,19,12,1,Fortaleza EC,47150.0,1630.0,30.0,2.0,1.0,10.0,34119.0,1,45,12,6,5,5,12,19,2,2020,12.Rodada
42.238,0,Fluminense FC,66750.0,1850.0,28.2,6.0,2.0,9.0,4,43,48280.0,15,4,1,5,18,16,0,Coritiba FC,16500.0,569.0,27.8,1.0,0.0,4.0,38000.0,0,57,10,5,3,4,14,19,3,2020,12.Rodada
60.540,0,Grêmio FBPA,93600.0,2840.0,26.4,3.0,2.0,11.0,1,47,148613.0,14,4,1,5,16,14,1,SC Internacional,97050.0,2370.0,25.3,4.0,3.0,9.0,142000.0,1,53,9,6,4,5,13,16,1,2020,13.Rodada
43.600,0,SE Palmeiras,228450.0,7370.0,25.8,7.0,1.0,8.0,2,64,175974.0,27,10,6,9,19,10,1,Ceará SC,25600.0,731.0,28.5,0.0,0.0,5.0,10236.0,1,36,13,3,9,4,10,19,0,2020,13.Rodada
13.212,0,RB Bragantino,66600.0,2300.0,25.0,4.0,0.0,7.0,0,40,0.0,10,5,4,3,13,18,1,SC Corinthians,111250.0,3370.0,26.4,5.0,2.0,10.0,116188.0,0,60,12,4,2,8,17,13,1,2020,13.Rodada
46.931,0,Botafogo FR,119000.0,3970.0,25.8,4.0,3.0,5.0,1,51,56417.0,17,9,5,7,21,20,0,Fluminense FC,66750.0,1850.0,28.2,6.0,2.0,9.0,48280.0,1,49,8,3,5,4,20,22,1,2020,13.Rodada
78.838,0,CR Flamengo,201250.0,6490.0,27.0,12.0,1.0,7.0,3,54,109442.0,13,4,2,4,21,18,2,Athletico Paranaense,38300.0,1200.0,26.3,1.0,3.0,8.0,0.0,1,46,10,5,4,5,17,22,2,2020,13.Rodada
37.182,0,Coritiba FC,16500.0,569.0,27.8,1.0,0.0,4.0,1,24,38000.0,3,2,4,2,12,13,0,São Paulo FC,76850.0,2260.0,27.0,7.0,0.0,7.0,151724.0,1,76,19,9,0,11,11,12,2,2020,13.Rodada
31.000,0,EC Bahia,90600.0,3020.0,27.7,2.0,1.0,5.0,1,59,75000.0,23,8,0,11,10,15,2,Sport Recife,33250.0,1010.0,28.1,0.0,1.0,8.0,43659.0,2,41,5,2,10,0,14,13,0,2020,13.Rodada
60.326,0,Fortaleza EC,47150.0,1630.0,30.0,2.0,1.0,10.0,0,59,34119.0,15,8,2,8,14,8,1,Atlético Goianiense,17100.0,518.0,26.9,0.0,1.0,4.0,0.0,0,41,7,4,4,1,7,14,0,2020,13.Rodada
50.049,0,Goiás EC,13800.0,460.0,28.1,0.0,0.0,3.0,2,55,0.0,14,9,2,2,15,16,4,Santos FC,88750.0,2610.0,26.7,3.0,2.0,8.0,70773.0,3,45,10,3,2,4,16,15,0,2020,13.Rodada
49.205,0,SC Corinthians,111250.0,3370.0,26.4,5.0,2.0,10.0,1,62,116188.0,13,6,1,6,16,19,0,Santos FC,88750.0,2610.0,26.7,3.0,2.0,8.0,70773.0,1,38,7,3,3,3,19,16,0,2020,14.Rodada
78.838,0,CR Flamengo,201250.0,6490.0,27.0,12.0,1.0,7.0,3,63,109442.0,16,5,1,8,16,14,1,Sport Recife,33250.0,1010.0,28.1,0.0,1.0,8.0,43659.0,0,37,14,7,3,6,12,16,1,2020,14.Rodada
60.540,0,Grêmio FBPA,93600.0,2840.0,26.4,3.0,2.0,11.0,2,49,148613.0,11,4,2,6,20,18,1,Coritiba FC,16500.0,569.0,27.8,1.0,0.0,4.0,38000.0,1,51,13,6,3,6,18,21,4,2020,14.Rodada
30.000,0,EC Bahia,90600.0,3020.0,27.7,2.0,1.0,5.0,3,47,75000.0,13,3,1,4,14,18,0,CR Vasco da Gama,84750.0,2290.0,27.5,3.0,2.0,12.0,53957.0,0,53,10,6,3,6,16,15,1,2020,14.Rodada
67.428,0,São Paulo FC,76850.0,2260.0,27.0,7.0,0.0,7.0,3,51,151724.0,25,8,5,5,12,17,1,Atlético Goianiense,17100.0,518.0,26.9,0.0,1.0,4.0,0.0,0,49,15,8,6,3,17,12,2,2020,14.Rodada
50.049,0,Goiás EC,13800.0,460.0,28.1,0.0,0.0,3.0,2,43,0.0,12,7,1,5,14,19,0,Fluminense FC,66750.0,1850.0,28.2,6.0,2.0,9.0,48280.0,4,57,10,3,1,4,16,15,4,2020,14.Rodada
46.931,0,Botafogo FR,119000.0,3970.0,25.8,4.0,3.0,5.0,2,36,56417.0,11,2,3,2,15,16,0,SE Palmeiras,228450.0,7370.0,25.8,7.0,1.0,8.0,175974.0,1,64,20,11,2,5,15,15,2,2020,14.Rodada
60.326,0,Fortaleza EC,47150.0,1630.0,30.0,2.0,1.0,10.0,2,31,34119.0,7,1,3,1,18,9,1,Atlético Mineiro,87500.0,3020.0,27.1,3.0,2.0,7.0,85000.0,1,69,15,10,1,8,9,19,2,2020,14.Rodada
42.372,0,Athletico Paranaense,38300.0,1200.0,26.3,1.0,3.0,8.0,0,62,0.0,13,7,4,3,12,11,2,Ceará SC,25600.0,731.0,28.5,0.0,0.0,5.0,10236.0,0,38,13,6,1,3,10,12,2,2020,14.Rodada
13.212,0,RB Bragantino,66600.0,2300.0,25.0,4.0,0.0,7.0,0,48,0.0,12,3,3,7,22,18,2,SC Internacional,97050.0,2370.0,25.3,4.0,3.0,9.0,142000.0,2,52,8,2,2,2,16,22,1,2020,14.Rodada
24.584,0,CR Vasco da Gama,84750.0,2290.0,27.5,3.0,2.0,12.0,1,38,53957.0,13,6,1,5,24,14,3,CR Flamengo,201250.0,6490.0,27.0,12.0,1.0,7.0,109442.0,2,62,8,2,3,5,13,25,2,2020,15.Rodada
43.600,0,SE Palmeiras,228450.0,7370.0,25.8,7.0,1.0,8.0,0,47,175974.0,9,4,2,8,15,15,2,São Paulo FC,76850.0,2260.0,27.0,7.0,0.0,7.0,151724.0,2,53,13,6,3,4,15,17,0,2020,15.Rodada
37.182,0,Coritiba FC,16500.0,569.0,27.8,1.0,0.0,4.0,0,45,38000.0,10,7,2,2,12,19,1,Fortaleza EC,47150.0,1630.0,30.0,2.0,1.0,10.0,34119.0,0,55,12,6,2,4,18,12,0,2020,15.Rodada
57.018,0,Atlético Mineiro,87500.0,3020.0,27.1,3.0,2.0,7.0,3,66,85000.0,23,8,3,8,11,14,4,Goiás EC,13800.0,460.0,28.1,0.0,0.0,3.0,0.0,0,34,4,0,8,1,13,11,1,2020,15.Rodada
82.238,0,Fluminense FC,66750.0,1850.0,28.2,6.0,2.0,9.0,1,50,48280.0,8,5,1,3,18,26,0,EC Bahia,90600.0,3020.0,27.7,2.0,1.0,5.0,75000.0,0,50,12,7,1,4,26,18,0,2020,15.Rodada
20.120,0,Santos FC,88750.0,2610.0,26.7,3.0,2.0,8.0,2,57,70773.0,11,4,3,4,12,16,3,Grêmio FBPA,93600.0,2840.0,26.4,3.0,2.0,11.0,148613.0,1,43,11,5,4,7,16,14,2,2020,15.Rodada
35.000,0,Sport Recife,33250.0,1010.0,28.1,0.0,1.0,8.0,1,63,43659.0,17,10,2,6,14,11,0,Botafogo FR,119000.0,3970.0,25.8,4.0,3.0,5.0,56417.0,2,37,11,5,2,8,11,15,0,2020,15.Rodada
13.000,0,Atlético Goianiense,17100.0,518.0,26.9,0.0,1.0,4.0,2,53,0.0,24,13,4,7,16,17,0,RB Bragantino,66600.0,2300.0,25.0,4.0,0.0,7.0,0.0,1,47,19,8,6,11,16,18,2,2020,15.Rodada
56.000,0,SC Internacional,97050.0,2370.0,25.3,4.0,3.0,9.0,2,46,142000.0,13,2,3,6,12,19,3,Athletico Paranaense,38300.0,1200.0,26.3,1.0,3.0,8.0,0.0,1,54,14,6,3,1,19,14,2,2020,15.Rodada
60.326,0,Ceará SC,25600.0,731.0,28.5,0.0,0.0,5.0,2,39,10236.0,15,10,2,6,10,9,2,SC Corinthians,111250.0,3370.0,26.4,5.0,2.0,10.0,116188.0,1,61,10,4,3,6,8,10,1,2020,15.Rodada
43.600,0,SE Palmeiras,228450.0,7370.0,25.8,7.0,1.0,8.0,1,54,175974.0,16,6,6,6,20,13,1,Coritiba FC,16500.0,569.0,27.8,1.0,0.0,4.0,38000.0,3,46,12,2,4,2,12,20,2,2020,16.Rodada
60.540,0,Grêmio FBPA,93600.0,2840.0,26.4,3.0,2.0,11.0,3,50,148613.0,10,5,2,1,13,11,1,Botafogo FR,119000.0,3970.0,25.8,4.0,3.0,5.0,56417.0,1,50,16,11,1,4,11,13,0,2020,16.Rodada
20.120,0,Santos FC,88750.0,2610.0,26.7,3.0,2.0,8.0,0,59,70773.0,12,5,0,7,20,18,1,Atlético Goianiense,17100.0,518.0,26.9,0.0,1.0,4.0,0.0,1,41,8,5,3,2,16,21,2,2020,16.Rodada
57.000,0,Atlético Mineiro,87500.0,3020.0,27.1,3.0,2.0,7.0,1,65,85000.0,13,3,2,9,9,11,0,Fluminense FC,66750.0,1850.0,28.2,6.0,2.0,9.0,48280.0,1,35,11,6,7,4,11,9,3,2020,16.Rodada
35.000,0,Sport Recife,33250.0,1010.0,28.1,0.0,1.0,8.0,3,49,43659.0,13,6,4,2,19,6,1,SC Internacional,97050.0,2370.0,25.3,4.0,3.0,9.0,142000.0,5,51,14,5,2,7,6,19,3,2020,16.Rodada
42.372,0,Athletico Paranaense,38300.0,1200.0,26.3,1.0,3.0,8.0,0,61,0.0,15,4,5,8,13,18,2,SC Corinthians,111250.0,3370.0,26.4,5.0,2.0,10.0,116188.0,1,39,13,5,9,2,18,14,1,2020,16.Rodada
78.838,0,CR Flamengo,201250.0,6490.0,27.0,12.0,1.0,7.0,1,69,109442.0,19,5,2,5,12,16,1,RB Bragantino,66600.0,2300.0,25.0,4.0,0.0,7.0,0.0,1,31,11,5,9,1,16,14,2,2020,16.Rodada
50.049,0,Goiás EC,13800.0,460.0,28.1,0.0,0.0,3.0,1,53,0.0,10,4,2,5,16,16,1,EC Bahia,90600.0,3020.0,27.7,2.0,1.0,5.0,75000.0,1,47,13,6,3,2,16,18,3,2020,16.Rodada
24.584,0,CR Vasco da Gama,84750.0,2290.0,27.5,3.0,2.0,12.0,0,48,53957.0,11,4,5,4,17,11,1,Fortaleza EC,47150.0,1630.0,30.0,2.0,1.0,10.0,34119.0,0,52,18,6,5,11,10,20,1,2020,16.Rodada
82.238,0,Fluminense FC,66750.0,1850.0,28.2,6.0,2.0,9.0,2,58,48280.0,6,2,3,4,17,16,2,Ceará SC,25600.0,731.0,28.5,0.0,0.0,5.0,10236.0,2,42,17,7,1,3,15,17,2,2020,17.Rodada
37.182,0,Coritiba FC,16500.0,569.0,27.8,1.0,0.0,4.0,1,53,38000.0,18,9,0,9,25,18,1,Santos FC,88750.0,2610.0,26.7,3.0,2.0,8.0,70773.0,2,47,6,2,3,1,16,25,0,2020,17.Rodada
13.000,0,Atlético Goianiense,17100.0,518.0,26.9,0.0,1.0,4.0,1,37,0.0,11,8,5,2,20,10,1,Athletico Paranaense,38300.0,1200.0,26.3,1.0,3.0,8.0,0.0,1,63,18,8,0,11,8,20,2,2020,17.Rodada
67.428,0,São Paulo FC,76850.0,2260.0,27.0,7.0,0.0,7.0,0,63,151724.0,8,7,2,2,15,24,1,Grêmio FBPA,93600.0,2840.0,26.4,3.0,2.0,11.0,148613.0,0,37,11,6,1,7,23,15,2,2020,17.Rodada
49.205,0,SC Corinthians,111250.0,3370.0,26.4,5.0,2.0,10.0,1,39,116188.0,19,8,1,10,13,14,1,CR Flamengo,201250.0,6490.0,27.0,12.0,1.0,7.0,109442.0,5,61,9,1,6,3,14,13,2,2020,17.Rodada
56.000,0,SC Internacional,97050.0,2370.0,25.3,4.0,3.0,9.0,2,52,142000.0,13,4,4,6,11,17,1,CR Vasco da Gama,84750.0,2290.0,27.5,3.0,2.0,12.0,53957.0,0,48,8,4,5,3,16,11,0,2020,17.Rodada
13.212,0,RB Bragantino,66600.0,2300.0,25.0,4.0,0.0,7.0,2,50,0.0,18,11,2,8,12,13,1,Sport Recife,33250.0,1010.0,28.1,0.0,1.0,8.0,43659.0,0,50,3,0,2,6,13,13,0,2020,17.Rodada
60.326,0,Fortaleza EC,47150.0,1630.0,30.0,2.0,1.0,10.0,2,51,34119.0,10,5,3,1,19,14,0,SE Palmeiras,228450.0,7370.0,25.8,7.0,1.0,8.0,175974.0,0,49,15,6,2,7,14,19,2,2020,17.Rodada
46.931,0,Botafogo FR,119000.0,3970.0,25.8,4.0,3.0,5.0,0,62,56417.0,23,7,4,11,10,18,3,Goiás EC,13800.0,460.0,28.1,0.0,0.0,3.0,0.0,0,38,12,6,6,5,17,11,0,2020,17.Rodada
30.000,0,EC Bahia,90600.0,3020.0,27.7,2.0,1.0,5.0,3,34,75000.0,13,4,3,2,13,14,1,Atlético Mineiro,87500.0,3020.0,27.1,3.0,2.0,7.0,85000.0,1,66,20,11,3,8,14,14,1,2020,17.Rodada
24.584,0,CR Vasco da Gama,84750.0,2290.0,27.5,3.0,2.0,12.0,1,64,53957.0,17,6,2,9,15,12,1,SC Corinthians,111250.0,3370.0,26.4,5.0,2.0,10.0,116188.0,2,36,11,3,7,6,12,18,2,2020,18.Rodada
13.212,0,RB Bragantino,66600.0,2300.0,25.0,4.0,0.0,7.0,2,52,0.0,14,6,1,6,14,17,1,Goiás EC,13800.0,460.0,28.1,0.0,0.0,3.0,0.0,0,48,7,5,3,4,17,15,3,2020,18.Rodada
60.326,0,Ceará SC,25600.0,731.0,28.5,0.0,0.0,5.0,2,37,10236.0,15,8,5,5,10,22,1,Coritiba FC,16500.0,569.0,27.8,1.0,0.0,4.0,38000.0,1,63,14,6,2,8,21,12,1,2020,18.Rodada
57.000,0,Atlético Mineiro,87500.0,3020.0,27.1,3.0,2.0,7.0,0,76,85000.0,26,11,0,13,11,10,2,Sport Recife,33250.0,1010.0,28.1,0.0,1.0,8.0,43659.0,0,24,3,3,9,4,7,11,1,2020,18.Rodada
82.238,0,Fluminense FC,66750.0,1850.0,28.2,6.0,2.0,9.0,3,48,48280.0,19,5,1,10,18,13,2,Santos FC,88750.0,2610.0,26.7,3.0,2.0,8.0,70773.0,1,52,9,3,5,8,12,18,3,2020,18.Rodada
13.000,0,Atlético Goianiense,17100.0,518.0,26.9,0.0,1.0,4.0,0,57,0.0,20,9,1,6,17,15,0,SE Palmeiras,228450.0,7370.0,25.8,7.0,1.0,8.0,175974.0,3,43,12,6,5,3,13,17,2,2020,18.Rodada
56.000,0,SC Internacional,97050.0,2370.0,25.3,4.0,3.0,9.0,2,28,142000.0,10,4,3,1,14,16,1,CR Flamengo,201250.0,6490.0,27.0,12.0,1.0,7.0,109442.0,2,72,16,5,3,7,15,15,1,2020,18.Rodada
42.372,0,Athletico Paranaense,38300.0,1200.0,26.3,1.0,3.0,8.0,1,65,0.0,5,4,1,4,10,15,1,Grêmio FBPA,93600.0,2840.0,26.4,3.0,2.0,11.0,148613.0,2,35,8,6,0,2,15,11,1,2020,18.Rodada
55.000,0,EC Bahia,90600.0,3020.0,27.7,2.0,1.0,5.0,2,33,75000.0,13,5,0,4,11,14,1,Fortaleza EC,47150.0,1630.0,30.0,2.0,1.0,10.0,34119.0,1,67,8,4,4,7,13,11,2,2020,18.Rodada
67.428,0,São Paulo FC,76850.0,2260.0,27.0,7.0,0.0,7.0,4,66,151724.0,31,13,1,12,6,12,1,Botafogo FR,119000.0,3970.0,25.8,4.0,3.0,5.0,56417.0,0,34,8,6,10,0,12,8,0,2020,18.Rodada
46.931,0,Botafogo FR,119000.0,3970.0,25.8,4.0,3.0,5.0,2,61,56417.0,12,4,2,4,18,17,1,Ceará SC,25600.0,731.0,28.5,0.0,0.0,5.0,10236.0,2,39,10,5,5,2,15,19,0,2020,19.Rodada
49.205,0,SC Corinthians,111250.0,3370.0,26.4,5.0,2.0,10.0,1,35,116188.0,8,4,0,2,11,17,2,SC Internacional,97050.0,2370.0,25.3,4.0,3.0,9.0,142000.0,0,65,7,4,2,4,15,12,2,2020,19.Rodada
37.182,0,Coritiba FC,16500.0,569.0,27.8,1.0,0.0,4.0,1,30,38000.0,5,3,5,0,17,22,0,Atlético Goianiense,17100.0,518.0,26.9,0.0,1.0,4.0,0.0,0,70,14,4,0,12,21,18,0,2020,19.Rodada
60.326,0,Fortaleza EC,47150.0,1630.0,30.0,2.0,1.0,10.0,0,44,34119.0,4,2,3,3,18,14,0,Fluminense FC,66750.0,1850.0,28.2,6.0,2.0,9.0,48280.0,1,56,11,4,1,7,14,18,1,2020,19.Rodada
78.838,0,CR Flamengo,201250.0,6490.0,27.0,12.0,1.0,7.0,1,53,109442.0,17,3,4,6,18,18,2,São Paulo FC,76850.0,2260.0,27.0,7.0,0.0,7.0,151724.0,4,47,13,3,6,4,17,18,0,2020,19.Rodada
35.000,0,Sport Recife,33250.0,1010.0,28.1,0.0,1.0,8.0,1,41,43659.0,11,4,2,2,15,17,3,Athletico Paranaense,38300.0,1200.0,26.3,1.0,3.0,8.0,0.0,0,59,12,7,2,5,16,15,3,2020,19.Rodada
20.120,0,Santos FC,88750.0,2610.0,26.7,3.0,2.0,8.0,3,56,70773.0,9,2,5,6,13,19,2,EC Bahia,90600.0,3020.0,27.7,2.0,1.0,5.0,75000.0,1,44,21,7,3,9,19,13,3,2020,19.Rodada
50.049,0,Goiás EC,13800.0,460.0,28.1,0.0,0.0,3.0,1,46,0.0,19,4,0,2,18,16,2,CR Vasco da Gama,84750.0,2290.0,27.5,3.0,2.0,12.0,53957.0,1,54,7,2,9,6,14,19,6,2020,19.Rodada
43.600,0,SE Palmeiras,228450.0,7370.0,25.8,7.0,1.0,8.0,3,36,175974.0,19,9,2,3,11,10,2,Atlético Mineiro,87500.0,3020.0,27.1,3.0,2.0,7.0,85000.0,0,64,16,9,5,9,10,12,0,2020,19.Rodada
60.540,0,Grêmio FBPA,93600.0,2840.0,26.4,3.0,2.0,11.0,2,55,148613.0,11,5,6,3,12,13,1,RB Bragantino,66600.0,2300.0,25.0,4.0,0.0,7.0,0.0,1,45,13,4,1,4,8,12,0,2020,19.Rodada
60.326,0,Ceará SC,25600.0,731.0,28.5,0.0,0.0,5.0,0,53,10236.0,26,13,1,9,12,17,4,Sport Recife,33250.0,1010.0,28.1,0.0,1.0,8.0,43659.0,0,47,4,2,6,1,17,13,0,2020,20.Rodada
42.372,0,Athletico Paranaense,38300.0,1200.0,26.3,1.0,3.0,8.0,2,63,0.0,21,7,2,10,14,20,3,Fortaleza EC,47150.0,1630.0,30.0,2.0,1.0,10.0,34119.0,1,37,11,4,4,3,20,14,4,2020,20.Rodada
67.428,0,São Paulo FC,76850.0,2260.0,27.0,7.0,0.0,7.0,2,65,151724.0,20,6,2,10,18,9,1,Goiás EC,13800.0,460.0,28.1,0.0,0.0,3.0,0.0,1,35,8,3,7,2,8,19,1,2020,20.Rodada
13.000,0,Atlético Goianiense,17100.0,518.0,26.9,0.0,1.0,4.0,1,44,0.0,15,6,1,7,25,22,2,SC Corinthians,111250.0,3370.0,26.4,5.0,2.0,10.0,116188.0,1,56,6,3,4,3,17,25,2,2020,20.Rodada
24.584,0,CR Vasco da Gama,84750.0,2290.0,27.5,3.0,2.0,12.0,0,45,53957.0,9,5,2,0,19,17,0,SE Palmeiras,228450.0,7370.0,25.8,7.0,1.0,8.0,175974.0,1,55,8,2,3,4,16,19,1,2020,20.Rodada
56.000,0,SC Internacional,97050.0,2370.0,25.3,4.0,3.0,9.0,2,60,142000.0,12,3,1,9,13,9,0,Coritiba FC,16500.0,569.0,27.8,1.0,0.0,4.0,38000.0,2,40,10,5,2,3,9,13,2,2020,20.Rodada
57.000,0,Atlético Mineiro,87500.0,3020.0,27.1,3.0,2.0,7.0,4,30,85000.0,9,4,5,2,12,21,1,CR Flamengo,201250.0,6490.0,27.0,12.0,1.0,7.0,109442.0,0,70,13,5,1,7,19,13,1,2020,20.Rodada
55.000,0,EC Bahia,90600.0,3020.0,27.7,2.0,1.0,5.0,1,58,75000.0,20,7,3,4,16,19,1,Botafogo FR,119000.0,3970.0,25.8,4.0,3.0,5.0,56417.0,0,42,10,5,4,4,18,17,1,2020,20.Rodada
13.212,0,RB Bragantino,66600.0,2300.0,25.0,4.0,0.0,7.0,1,48,0.0,12,6,0,5,17,15,1,Santos FC,88750.0,2610.0,26.7,3.0,2.0,8.0,70773.0,1,52,4,2,1,3,14,20,1,2020,20.Rodada
82.238,0,Fluminense FC,66750.0,1850.0,28.2,6.0,2.0,9.0,0,60,48280.0,12,3,3,4,13,12,1,Grêmio FBPA,93600.0,2840.0,26.4,3.0,2.0,11.0,148613.0,1,40,13,7,4,5,11,13,2,2020,20.Rodada
35.000,0,Sport Recife,33250.0,1010.0,28.1,0.0,1.0,8.0,0,63,43659.0,13,5,2,4,19,14,2,CR Vasco da Gama,84750.0,2290.0,27.5,3.0,2.0,12.0,53957.0,2,37,14,5,3,2,14,21,1,2020,21.Rodada
20.120,0,Santos FC,88750.0,2610.0,26.7,3.0,2.0,8.0,2,39,70773.0,10,1,6,2,18,24,1,SC Internacional,97050.0,2370.0,25.3,4.0,3.0,9.0,142000.0,0,61,12,4,5,7,22,18,2,2020,21.Rodada
12.500,0,Goiás EC,13800.0,460.0,28.1,0.0,0.0,3.0,0,47,0.0,10,7,7,8,12,14,3,Athletico Paranaense,38300.0,1200.0,26.3,1.0,3.0,8.0,0.0,1,53,16,4,1,10,14,12,0,2020,21.Rodada
60.326,0,Fortaleza EC,47150.0,1630.0,30.0,2.0,1.0,10.0,2,50,34119.0,12,7,2,2,17,15,1,São Paulo FC,76850.0,2260.0,27.0,7.0,0.0,7.0,151724.0,3,50,8,2,3,3,15,18,2,2020,21.Rodada
49.205,0,SC Corinthians,111250.0,3370.0,26.4,5.0,2.0,10.0,1,33,116188.0,8,3,1,6,10,29,1,Atlético Mineiro,87500.0,3020.0,27.1,3.0,2.0,7.0,85000.0,2,67,13,7,0,6,29,11,1,2020,21.Rodada
37.182,0,Coritiba FC,16500.0,569.0,27.8,1.0,0.0,4.0,1,53,38000.0,16,8,3,7,11,12,1,EC Bahia,90600.0,3020.0,27.7,2.0,1.0,5.0,75000.0,2,47,15,6,1,5,10,12,1,2020,21.Rodada
60.540,0,Grêmio FBPA,93600.0,2840.0,26.4,3.0,2.0,11.0,4,61,148613.0,16,5,1,3,14,8,1,Ceará SC,25600.0,731.0,28.5,0.0,0.0,5.0,10236.0,2,39,11,6,3,4,8,14,0,2020,21.Rodada
43.600,0,SE Palmeiras,228450.0,7370.0,25.8,7.0,1.0,8.0,2,51,175974.0,9,2,5,3,7,15,3,Fluminense FC,66750.0,1850.0,28.2,6.0,2.0,9.0,48280.0,0,49,15,8,3,5,15,8,3,2020,21.Rodada
78.838,0,CR Flamengo,201250.0,6490.0,27.0,12.0,1.0,7.0,1,66,109442.0,19,9,4,11,16,15,1,Atlético Goianiense,17100.0,518.0,26.9,0.0,1.0,4.0,0.0,1,34,10,4,5,4,14,16,2,2020,21.Rodada
46.931,0,Botafogo FR,119000.0,3970.0,25.8,4.0,3.0,5.0,1,61,56417.0,12,8,2,7,17,16,2,RB Bragantino,66600.0,2300.0,25.0,4.0,0.0,7.0,0.0,2,39,11,5,2,3,15,18,0,2020,21.Rodada
13.212,0,RB Bragantino,66600.0,2300.0,25.0,4.0,0.0,7.0,4,53,0.0,12,3,1,5,13,16,0,EC Bahia,90600.0,3020.0,27.7,2.0,1.0,5.0,75000.0,0,47,8,4,3,9,16,13,0,2020,22.Rodada
42.372,0,Athletico Paranaense,38300.0,1200.0,26.3,1.0,3.0,8.0,1,60,0.0,13,5,4,9,13,22,2,Santos FC,88750.0,2610.0,26.7,3.0,2.0,8.0,70773.0,0,40,6,2,3,2,22,13,1,2020,22.Rodada
78.838,0,CR Flamengo,201250.0,6490.0,27.0,12.0,1.0,7.0,3,61,109442.0,23,10,0,4,18,16,0,Coritiba FC,16500.0,569.0,27.8,1.0,0.0,4.0,38000.0,1,39,6,2,6,4,15,18,1,2020,22.Rodada
12.500,0,Goiás EC,13800.0,460.0,28.1,0.0,0.0,3.0,1,60,0.0,8,6,3,1,15,20,1,SE Palmeiras,228450.0,7370.0,25.8,7.0,1.0,8.0,175974.0,0,40,14,7,1,4,17,15,1,2020,22.Rodada
67.428,0,São Paulo FC,76850.0,2260.0,27.0,7.0,0.0,7.0,1,70,151724.0,17,8,2,7,18,7,2,CR Vasco da Gama,84750.0,2290.0,27.5,3.0,2.0,12.0,53957.0,1,30,6,2,4,4,5,19,2,2020,22.Rodada
60.326,0,Ceará SC,25600.0,731.0,28.5,0.0,0.0,5.0,2,47,10236.0,11,6,2,2,10,11,2,Atlético Mineiro,87500.0,3020.0,27.1,3.0,2.0,7.0,85000.0,2,53,18,8,3,7,11,12,1,2020,22.Rodada
56.000,0,SC Internacional,97050.0,2370.0,25.3,4.0,3.0,9.0,1,50,142000.0,13,7,0,4,18,20,1,Fluminense FC,66750.0,1850.0,28.2,6.0,2.0,9.0,48280.0,2,50,7,3,3,4,18,20,0,2020,22.Rodada
46.931,0,Botafogo FR,119000.0,3970.0,25.8,4.0,3.0,5.0,1,58,56417.0,19,6,4,7,15,18,3,Fortaleza EC,47150.0,1630.0,30.0,2.0,1.0,10.0,34119.0,2,42,11,2,5,5,16,15,2,2020,22.Rodada
49.205,0,SC Corinthians,111250.0,3370.0,26.4,5.0,2.0,10.0,0,32,116188.0,7,3,3,4,12,12,3,Grêmio FBPA,93600.0,2840.0,26.4,3.0,2.0,11.0,148613.0,0,68,15,7,2,12,10,14,1,2020,22.Rodada
35.000,0,Sport Recife,33250.0,1010.0,28.1,0.0,1.0,8.0,0,63,43659.0,11,5,3,10,14,17,1,Atlético Goianiense,17100.0,518.0,26.9,0.0,1.0,4.0,0.0,1,37,12,6,1,5,16,16,2,2020,22.Rodada
57.000,0,Atlético Mineiro,87500.0,3020.0,27.1,3.0,2.0,7.0,2,54,85000.0,11,5,2,10,19,25,2,Botafogo FR,119000.0,3970.0,25.8,4.0,3.0,5.0,56417.0,1,46,4,1,4,2,23,19,4,2020,23.Rodada
37.182,0,Coritiba FC,16500.0,569.0,27.8,1.0,0.0,4.0,0,53,38000.0,11,6,1,4,24,13,1,SC Corinthians,111250.0,3370.0,26.4,5.0,2.0,10.0,116188.0,1,47,11,5,3,3,10,25,2,2020,23.Rodada
60.326,0,Fortaleza EC,47150.0,1630.0,30.0,2.0,1.0,10.0,1,70,34119.0,15,6,0,2,18,17,3,Goiás EC,13800.0,460.0,28.1,0.0,0.0,3.0,0.0,1,30,6,3,7,0,15,19,0,2020,23.Rodada
20.120,0,Santos FC,88750.0,2610.0,26.7,3.0,2.0,8.0,4,59,70773.0,11,4,1,5,23,17,3,Sport Recife,33250.0,1010.0,28.1,0.0,1.0,8.0,43659.0,2,41,9,2,1,4,16,24,0,2020,23.Rodada
43.600,0,SE Palmeiras,228450.0,7370.0,25.8,7.0,1.0,8.0,3,58,175974.0,22,11,1,10,15,16,4,Athletico Paranaense,38300.0,1200.0,26.3,1.0,3.0,8.0,0.0,0,42,4,3,5,1,16,15,2,2020,23.Rodada
55.000,0,EC Bahia,90600.0,3020.0,27.7,2.0,1.0,5.0,1,37,75000.0,15,4,5,5,14,12,1,São Paulo FC,76850.0,2260.0,27.0,7.0,0.0,7.0,151724.0,3,63,17,4,5,9,12,15,1,2020,23.Rodada
13.000,0,Atlético Goianiense,17100.0,518.0,26.9,0.0,1.0,4.0,0,42,0.0,9,3,6,8,17,20,5,SC Internacional,97050.0,2370.0,25.3,4.0,3.0,9.0,142000.0,0,58,17,8,0,9,19,18,4,2020,23.Rodada
24.584,0,CR Vasco da Gama,84750.0,2290.0,27.5,3.0,2.0,12.0,1,69,53957.0,12,7,2,9,16,14,1,Ceará SC,25600.0,731.0,28.5,0.0,0.0,5.0,10236.0,4,31,11,4,3,3,11,18,3,2020,23.Rodada
82.238,0,Fluminense FC,66750.0,1850.0,28.2,6.0,2.0,9.0,0,46,48280.0,7,3,4,5,21,15,4,RB Bragantino,66600.0,2300.0,25.0,4.0,0.0,7.0,0.0,0,54,11,3,1,5,15,21,0,2020,23.Rodada
60.540,0,Grêmio FBPA,93600.0,2840.0,26.4,3.0,2.0,11.0,2,51,148613.0,8,1,2,2,23,15,1,CR Flamengo,201250.0,6490.0,27.0,12.0,1.0,7.0,109442.0,4,49,14,6,3,5,15,24,0,2020,23.Rodada
60.326,0,Fortaleza EC,47150.0,1630.0,30.0,2.0,1.0,10.0,0,45,34119.0,13,5,5,3,15,12,2,SC Corinthians,111250.0,3370.0,26.4,5.0,2.0,10.0,116188.0,0,55,9,3,5,4,11,15,0,2020,24.Rodada
46.931,0,Botafogo FR,119000.0,3970.0,25.8,4.0,3.0,5.0,0,34,56417.0,13,4,1,5,24,16,0,CR Flamengo,201250.0,6490.0,27.0,12.0,1.0,7.0,109442.0,1,66,14,4,3,7,16,26,0,2020,24.Rodada
20.120,0,Santos FC,88750.0,2610.0,26.7,3.0,2.0,8.0,2,60,70773.0,15,8,3,8,16,14,2,SE Palmeiras,228450.0,7370.0,25.8,7.0,1.0,8.0,175974.0,2,40,11,3,3,7,12,16,0,2020,24.Rodada
82.238,0,Fluminense FC,66750.0,1850.0,28.2,6.0,2.0,9.0,3,69,48280.0,27,8,0,15,17,16,2,Athletico Paranaense,38300.0,1200.0,26.3,1.0,3.0,8.0,0.0,1,31,5,2,9,2,15,18,0,2020,24.Rodada
55.000,0,EC Bahia,90600.0,3020.0,27.7,2.0,1.0,5.0,0,53,75000.0,9,5,3,6,17,12,1,Ceará SC,25600.0,731.0,28.5,0.0,0.0,5.0,10236.0,2,47,11,4,2,4,10,17,1,2020,24.Rodada
37.182,0,Coritiba FC,16500.0,569.0,27.8,1.0,0.0,4.0,0,43,38000.0,9,3,5,3,26,17,2,RB Bragantino,66600.0,2300.0,25.0,4.0,0.0,7.0,0.0,0,57,23,13,3,12,14,26,0,2020,24.Rodada
60.540,0,Grêmio FBPA,93600.0,2840.0,26.4,3.0,2.0,11.0,4,60,148613.0,22,9,3,5,8,9,1,CR Vasco da Gama,84750.0,2290.0,27.5,3.0,2.0,12.0,53957.0,0,40,6,2,5,3,8,8,1,2020,24.Rodada
67.428,0,São Paulo FC,76850.0,2260.0,27.0,7.0,0.0,7.0,1,63,151724.0,13,4,0,11,15,17,0,Sport Recife,33250.0,1010.0,28.1,0.0,1.0,8.0,43659.0,0,37,4,4,6,1,16,16,3,2020,24.Rodada
57.000,0,Atlético Mineiro,87500.0,3020.0,27.1,3.0,2.0,7.0,2,64,85000.0,9,6,1,3,12,18,4,SC Internacional,97050.0,2370.0,25.3,4.0,3.0,9.0,142000.0,2,36,10,4,1,4,17,14,5,2020,24.Rodada
13.000,0,Atlético Goianiense,17100.0,518.0,26.9,0.0,1.0,4.0,0,68,0.0,12,4,1,15,21,17,4,Goiás EC,13800.0,460.0,28.1,0.0,0.0,3.0,0.0,1,32,10,7,3,1,16,21,2,2020,24.Rodada
42.372,0,Athletico Paranaense,38300.0,1200.0,26.3,1.0,3.0,8.0,0,43,0.0,16,8,2,5,12,20,4,Atlético Mineiro,87500.0,3020.0,27.1,3.0,2.0,7.0,85000.0,1,57,10,5,5,3,19,13,4,2020,25.Rodada
13.212,0,RB Bragantino,66600.0,2300.0,25.0,4.0,0.0,7.0,2,52,0.0,14,6,4,2,16,17,0,Fortaleza EC,47150.0,1630.0,30.0,2.0,1.0,10.0,34119.0,1,48,13,6,5,5,15,18,2,2020,25.Rodada
56.000,0,SC Internacional,97050.0,2370.0,25.3,4.0,3.0,9.0,2,49,142000.0,12,7,1,4,19,23,0,Botafogo FR,119000.0,3970.0,25.8,4.0,3.0,5.0,56417.0,1,51,12,7,1,6,22,19,0,2020,25.Rodada
43.600,0,SE Palmeiras,228450.0,7370.0,25.8,7.0,1.0,8.0,3,59,175974.0,15,3,8,8,20,11,4,EC Bahia,90600.0,3020.0,27.7,2.0,1.0,5.0,75000.0,0,41,18,6,4,7,11,20,1,2020,25.Rodada
60.326,0,Ceará SC,25600.0,731.0,28.5,0.0,0.0,5.0,1,40,10236.0,8,4,4,2,14,13,3,Atlético Goianiense,17100.0,518.0,26.9,0.0,1.0,4.0,0.0,2,60,12,1,2,8,11,15,2,2020,25.Rodada
14.525,0,Goiás EC,13800.0,460.0,28.1,0.0,0.0,3.0,0,40,0.0,12,6,5,4,10,12,0,Grêmio FBPA,93600.0,2840.0,26.4,3.0,2.0,11.0,148613.0,0,60,17,8,2,9,12,10,2,2020,25.Rodada
78.838,0,CR Flamengo,201250.0,6490.0,27.0,12.0,1.0,7.0,4,56,109442.0,12,8,2,6,11,12,3,Santos FC,88750.0,2610.0,26.7,3.0,2.0,8.0,70773.0,1,44,6,3,0,4,11,11,2,2020,25.Rodada
49.205,0,SC Corinthians,111250.0,3370.0,26.4,5.0,2.0,10.0,1,38,116188.0,14,7,6,4,8,12,0,São Paulo FC,76850.0,2260.0,27.0,7.0,0.0,7.0,151724.0,0,62,17,4,4,5,10,8,1,2020,25.Rodada
35.000,0,Sport Recife,33250.0,1010.0,28.1,0.0,1.0,8.0,1,55,43659.0,20,9,3,7,12,20,0,Coritiba FC,16500.0,569.0,27.8,1.0,0.0,4.0,38000.0,0,45,14,6,5,6,16,14,0,2020,25.Rodada
24.584,0,CR Vasco da Gama,84750.0,2290.0,27.5,3.0,2.0,12.0,1,44,53957.0,20,9,3,4,13,21,1,Fluminense FC,66750.0,1850.0,28.2,6.0,2.0,9.0,48280.0,1,56,10,6,3,2,21,14,0,2020,25.Rodada
13.000,0,Atlético Goianiense,17100.0,518.0,26.9,0.0,1.0,4.0,2,39,0.0,11,3,1,11,17,18,0,Fluminense FC,66750.0,1850.0,28.2,6.0,2.0,9.0,48280.0,1,61,5,1,3,6,16,18,0,2020,26.Rodada
67.428,0,São Paulo FC,76850.0,2260.0,27.0,7.0,0.0,7.0,3,48,151724.0,17,7,6,5,10,9,3,Atlético Mineiro,87500.0,3020.0,27.1,3.0,2.0,7.0,85000.0,0,52,14,3,4,3,8,10,3,2020,26.Rodada
35.000,0,Sport Recife,33250.0,1010.0,28.1,0.0,1.0,8.0,1,43,43659.0,9,5,0,3,9,21,2,Grêmio FBPA,93600.0,2840.0,26.4,3.0,2.0,11.0,148613.0,1,57,13,5,1,7,19,9,2,2020,26.Rodada
60.326,0,Fortaleza EC,47150.0,1630.0,30.0,2.0,1.0,10.0,0,60,34119.0,10,6,3,5,17,18,0,Ceará SC,25600.0,731.0,28.5,0.0,0.0,5.0,10236.0,2,40,6,1,0,1,16,17,0,2020,26.Rodada
37.182,0,Coritiba FC,16500.0,569.0,27.8,1.0,0.0,4.0,1,45,38000.0,10,6,2,4,17,14,2,Botafogo FR,119000.0,3970.0,25.8,4.0,3.0,5.0,56417.0,2,55,18,5,3,11,13,18,2,2020,26.Rodada
56.000,0,SC Internacional,97050.0,2370.0,25.3,4.0,3.0,9.0,2,42,142000.0,12,3,0,4,23,13,1,SE Palmeiras,228450.0,7370.0,25.8,7.0,1.0,8.0,175974.0,0,58,13,10,2,8,13,23,1,2020,26.Rodada
24.584,0,CR Vasco da Gama,84750.0,2290.0,27.5,3.0,2.0,12.0,1,35,53957.0,4,1,5,1,14,26,0,Santos FC,88750.0,2610.0,26.7,3.0,2.0,8.0,70773.0,0,65,19,9,1,2,25,15,1,2020,26.Rodada
13.212,0,RB Bragantino,66600.0,2300.0,25.0,4.0,0.0,7.0,0,70,0.0,21,10,0,17,16,8,6,Athletico Paranaense,38300.0,1200.0,26.3,1.0,3.0,8.0,0.0,1,30,4,2,6,4,6,17,6,2020,26.Rodada
78.838,0,CR Flamengo,201250.0,6490.0,27.0,12.0,1.0,7.0,4,49,109442.0,16,5,3,7,21,17,2,EC Bahia,90600.0,3020.0,27.7,2.0,1.0,5.0,75000.0,3,51,17,2,1,8,15,22,1,2020,26.Rodada
49.205,0,SC Corinthians,111250.0,3370.0,26.4,5.0,2.0,10.0,2,63,116188.0,19,10,6,12,14,11,5,Goiás EC,13800.0,460.0,28.1,0.0,0.0,3.0,0.0,1,37,17,6,4,4,11,15,2,2020,26.Rodada
57.000,0,Atlético Mineiro,87500.0,3020.0,27.1,3.0,2.0,7.0,2,70,85000.0,25,7,3,13,12,15,0,Coritiba FC,16500.0,569.0,27.8,1.0,0.0,4.0,38000.0,0,30,7,4,7,3,15,13,2,2020,27.Rodada
60.326,0,Fortaleza EC,47150.0,1630.0,30.0,2.0,1.0,10.0,0,37,34119.0,11,6,2,4,13,22,1,CR Flamengo,201250.0,6490.0,27.0,12.0,1.0,7.0,109442.0,0,63,13,6,4,4,21,14,0,2020,27.Rodada
12.500,0,Goiás EC,13800.0,460.0,28.1,0.0,0.0,3.0,1,39,0.0,10,6,4,4,19,20,0,Sport Recife,33250.0,1010.0,28.1,0.0,1.0,8.0,43659.0,0,61,15,5,3,5,21,17,4,2020,27.Rodada
60.540,0,Grêmio FBPA,93600.0,2840.0,26.4,3.0,2.0,11.0,2,45,148613.0,10,4,1,5,15,11,1,Atlético Goianiense,17100.0,518.0,26.9,0.0,1.0,4.0,0.0,1,55,9,5,3,9,11,15,1,2020,27.Rodada
82.238,0,Fluminense FC,66750.0,1850.0,28.2,6.0,2.0,9.0,1,41,48280.0,9,8,3,0,20,17,0,São Paulo FC,76850.0,2260.0,27.0,7.0,0.0,7.0,151724.0,2,59,12,1,0,2,15,22,0,2020,27.Rodada
46.931,0,Botafogo FR,119000.0,3970.0,25.8,4.0,3.0,5.0,0,46,56417.0,11,9,4,2,19,19,2,SC Corinthians,111250.0,3370.0,26.4,5.0,2.0,10.0,116188.0,2,54,13,4,1,7,19,20,2,2020,27.Rodada
55.000,0,EC Bahia,90600.0,3020.0,27.7,2.0,1.0,5.0,1,51,75000.0,14,9,8,6,12,18,0,SC Internacional,97050.0,2370.0,25.3,4.0,3.0,9.0,142000.0,2,49,15,2,2,7,17,12,2,2020,27.Rodada
42.372,0,Athletico Paranaense,38300.0,1200.0,26.3,1.0,3.0,8.0,3,56,0.0,16,6,4,6,10,14,1,CR Vasco da Gama,84750.0,2290.0,27.5,3.0,2.0,12.0,53957.0,0,44,11,5,5,5,14,11,3,2020,27.Rodada
43.600,0,SE Palmeiras,228450.0,7370.0,25.8,7.0,1.0,8.0,1,41,175974.0,6,5,2,5,5,10,1,RB Bragantino,66600.0,2300.0,25.0,4.0,0.0,7.0,0.0,0,59,21,10,0,8,9,6,1,2020,27.Rodada
20.120,0,Santos FC,88750.0,2610.0,26.7,3.0,2.0,8.0,1,65,70773.0,11,2,3,11,24,15,2,Ceará SC,25600.0,731.0,28.5,0.0,0.0,5.0,10236.0,1,35,11,5,4,2,12,24,1,2020,27.Rodada
46.931,0,Botafogo FR,119000.0,3970.0,25.8,4.0,3.0,5.0,0,61,56417.0,24,10,2,3,18,14,4,Athletico Paranaense,38300.0,1200.0,26.3,1.0,3.0,8.0,0.0,2,39,8,4,8,3,13,21,1,2020,28.Rodada
60.540,0,Grêmio FBPA,93600.0,2840.0,26.4,3.0,2.0,11.0,2,49,148613.0,11,4,4,3,15,11,0,EC Bahia,90600.0,3020.0,27.7,2.0,1.0,5.0,75000.0,1,51,17,8,0,10,11,17,1,2020,28.Rodada
35.000,0,Sport Recife,33250.0,1010.0,28.1,0.0,1.0,8.0,1,35,43659.0,6,2,1,4,11,14,0,Fortaleza EC,47150.0,1630.0,30.0,2.0,1.0,10.0,34119.0,0,65,17,9,0,8,13,12,1,2020,28.Rodada
37.182,0,Coritiba FC,16500.0,569.0,27.8,1.0,0.0,4.0,1,57,38000.0,16,11,3,6,17,13,2,Goiás EC,13800.0,460.0,28.1,0.0,0.0,3.0,0.0,2,43,11,2,1,4,11,17,2,2020,28.Rodada
78.838,0,CR Flamengo,201250.0,6490.0,27.0,12.0,1.0,7.0,1,72,109442.0,19,7,3,11,21,12,0,Fluminense FC,66750.0,1850.0,28.2,6.0,2.0,9.0,48280.0,2,28,11,4,7,4,12,22,2,2020,28.Rodada
13.212,0,RB Bragantino,66600.0,2300.0,25.0,4.0,0.0,7.0,4,48,0.0,23,11,3,4,4,17,0,São Paulo FC,76850.0,2260.0,27.0,7.0,0.0,7.0,151724.0,2,52,8,2,6,5,15,4,3,2020,28.Rodada
60.326,0,Ceará SC,25600.0,731.0,28.5,0.0,0.0,5.0,0,60,10236.0,19,6,1,7,14,18,0,SC Internacional,97050.0,2370.0,25.3,4.0,3.0,9.0,142000.0,2,40,8,3,5,4,18,16,0,2020,28.Rodada
13.000,0,Atlético Goianiense,17100.0,518.0,26.9,0.0,1.0,4.0,0,44,0.0,8,4,6,3,16,19,2,CR Vasco da Gama,84750.0,2290.0,27.5,3.0,2.0,12.0,53957.0,0,56,15,6,2,4,19,17,2,2020,28.Rodada
43.600,0,SE Palmeiras,228450.0,7370.0,25.8,7.0,1.0,8.0,4,57,175974.0,15,5,4,7,11,14,3,SC Corinthians,111250.0,3370.0,26.4,5.0,2.0,10.0,116188.0,0,43,10,3,4,7,14,11,0,2020,28.Rodada
57.000,0,Atlético Mineiro,87500.0,3020.0,27.1,3.0,2.0,7.0,2,66,85000.0,10,1,3,4,13,10,1,Santos FC,88750.0,2610.0,26.7,3.0,2.0,8.0,70773.0,0,34,5,2,3,2,10,14,0,2020,28.Rodada
35.000,0,Sport Recife,33250.0,1010.0,28.1,0.0,1.0,8.0,0,59,43659.0,11,4,3,7,20,15,2,SE Palmeiras,228450.0,7370.0,25.8,7.0,1.0,8.0,175974.0,1,41,12,6,5,6,13,21,2,2020,29.Rodada
37.182,0,Coritiba FC,16500.0,569.0,27.8,1.0,0.0,4.0,0,41,38000.0,13,8,1,3,9,11,0,Athletico Paranaense,38300.0,1200.0,26.3,1.0,3.0,8.0,0.0,0,59,3,1,2,2,10,10,0,2020,29.Rodada
60.326,0,Fortaleza EC,47150.0,1630.0,30.0,2.0,1.0,10.0,0,54,34119.0,14,4,2,4,11,17,3,Grêmio FBPA,93600.0,2840.0,26.4,3.0,2.0,11.0,148613.0,0,46,11,4,5,5,16,12,1,2020,29.Rodada
78.838,0,CR Flamengo,201250.0,6490.0,27.0,12.0,1.0,7.0,0,75,109442.0,21,12,2,6,11,10,3,Ceará SC,25600.0,731.0,28.5,0.0,0.0,5.0,10236.0,2,25,8,1,5,1,9,12,0,2020,29.Rodada
67.428,0,São Paulo FC,76850.0,2260.0,27.0,7.0,0.0,7.0,0,69,151724.0,26,14,1,8,21,19,0,Santos FC,88750.0,2610.0,26.7,3.0,2.0,8.0,70773.0,1,31,7,1,5,3,18,21,0,2020,29.Rodada
56.000,0,SC Internacional,97050.0,2370.0,25.3,4.0,3.0,9.0,1,41,142000.0,10,5,4,6,14,14,2,Goiás EC,13800.0,460.0,28.1,0.0,0.0,3.0,0.0,0,59,14,5,2,2,14,14,1,2020,29.Rodada
13.000,0,Atlético Goianiense,17100.0,518.0,26.9,0.0,1.0,4.0,1,43,0.0,13,5,3,6,15,20,3,EC Bahia,90600.0,3020.0,27.7,2.0,1.0,5.0,75000.0,1,57,16,4,4,6,20,18,1,2020,29.Rodada
24.584,0,CR Vasco da Gama,84750.0,2290.0,27.5,3.0,2.0,12.0,3,50,53957.0,18,4,4,6,13,11,0,Botafogo FR,119000.0,3970.0,25.8,4.0,3.0,5.0,56417.0,0,50,12,5,3,3,9,13,4,2020,29.Rodada
13.212,0,RB Bragantino,66600.0,2300.0,25.0,4.0,0.0,7.0,2,44,0.0,11,2,4,6,10,15,0,Atlético Mineiro,87500.0,3020.0,27.1,3.0,2.0,7.0,85000.0,2,56,19,7,2,6,14,11,1,2020,29.Rodada
49.205,0,SC Corinthians,111250.0,3370.0,26.4,5.0,2.0,10.0,5,58,116188.0,19,4,2,3,13,17,1,Fluminense FC,66750.0,1850.0,28.2,6.0,2.0,9.0,48280.0,0,42,13,5,3,3,16,15,3,2020,29.Rodada
43.600,0,SE Palmeiras,228450.0,7370.0,25.8,7.0,1.0,8.0,1,45,175974.0,16,8,6,3,8,22,2,Grêmio FBPA,93600.0,2840.0,26.4,3.0,2.0,11.0,148613.0,1,55,12,3,5,7,21,10,0,2020,30.Rodada
46.000,0,Fluminense FC,66750.0,1850.0,28.2,6.0,2.0,9.0,1,65,48280.0,11,8,0,5,17,23,2,Sport Recife,33250.0,1010.0,28.1,0.0,1.0,8.0,43659.0,0,35,10,7,1,4,23,18,1,2020,30.Rodada
24.584,0,CR Vasco da Gama,84750.0,2290.0,27.5,3.0,2.0,12.0,0,53,53957.0,10,4,3,10,12,10,1,Coritiba FC,16500.0,569.0,27.8,1.0,0.0,4.0,38000.0,1,47,13,4,3,2,8,13,0,2020,30.Rodada
20.120,0,Santos FC,88750.0,2610.0,26.7,3.0,2.0,8.0,2,59,70773.0,23,11,2,15,23,8,2,Botafogo FR,119000.0,3970.0,25.8,4.0,3.0,5.0,56417.0,1,41,6,2,3,6,8,24,3,2020,30.Rodada
42.372,0,Athletico Paranaense,38300.0,1200.0,26.3,1.0,3.0,8.0,1,41,0.0,8,2,1,1,14,10,0,São Paulo FC,76850.0,2260.0,27.0,7.0,0.0,7.0,151724.0,1,59,9,4,2,3,10,14,8,2020,30.Rodada
57.000,0,Atlético Mineiro,87500.0,3020.0,27.1,3.0,2.0,7.0,3,60,85000.0,22,10,2,10,13,13,0,Atlético Goianiense,17100.0,518.0,26.9,0.0,1.0,4.0,0.0,1,40,13,5,3,9,13,14,2,2020,30.Rodada
56.000,0,SC Internacional,97050.0,2370.0,25.3,4.0,3.0,9.0,4,45,142000.0,11,4,0,6,16,24,0,Fortaleza EC,47150.0,1630.0,30.0,2.0,1.0,10.0,34119.0,2,55,10,4,1,1,22,17,1,2020,30.Rodada
60.326,0,Ceará SC,25600.0,731.0,28.5,0.0,0.0,5.0,1,37,10236.0,12,7,5,6,15,13,1,RB Bragantino,66600.0,2300.0,25.0,4.0,0.0,7.0,0.0,2,63,15,4,2,9,12,16,0,2020,30.Rodada
12.500,0,Goiás EC,13800.0,460.0,28.1,0.0,0.0,3.0,0,41,0.0,9,3,3,4,13,24,1,CR Flamengo,201250.0,6490.0,27.0,12.0,1.0,7.0,109442.0,3,59,12,4,3,5,23,13,3,2020,30.Rodada
55.000,0,EC Bahia,90600.0,3020.0,27.7,2.0,1.0,5.0,2,42,75000.0,8,1,4,3,18,24,0,SC Corinthians,111250.0,3370.0,26.4,5.0,2.0,10.0,116188.0,1,58,15,5,5,10,24,19,1,2020,30.Rodada
46.931,0,Botafogo FR,119000.0,3970.0,25.8,4.0,3.0,5.0,1,49,56417.0,17,7,2,3,14,18,1,Atlético Goianiense,17100.0,518.0,26.9,0.0,1.0,4.0,0.0,3,51,14,4,4,6,17,14,1,2020,31.Rodada
55.000,0,EC Bahia,90600.0,3020.0,27.7,2.0,1.0,5.0,1,40,75000.0,11,6,1,9,13,15,3,Athletico Paranaense,38300.0,1200.0,26.3,1.0,3.0,8.0,0.0,0,60,12,7,3,4,15,14,2,2020,31.Rodada
60.540,0,Grêmio FBPA,93600.0,2840.0,26.4,3.0,2.0,11.0,1,57,148613.0,8,3,3,3,7,11,1,Atlético Mineiro,87500.0,3020.0,27.1,3.0,2.0,7.0,85000.0,1,43,10,4,2,1,8,7,2,2020,31.Rodada
37.182,0,Coritiba FC,16500.0,569.0,27.8,1.0,0.0,4.0,3,41,38000.0,8,4,3,2,10,20,1,Fluminense FC,66750.0,1850.0,28.2,6.0,2.0,9.0,48280.0,3,59,21,10,1,12,21,9,1,2020,31.Rodada
67.428,0,São Paulo FC,76850.0,2260.0,27.0,7.0,0.0,7.0,1,71,151724.0,11,4,2,7,18,15,0,SC Internacional,97050.0,2370.0,25.3,4.0,3.0,9.0,142000.0,5,29,19,8,4,2,14,19,2,2020,31.Rodada
13.212,0,RB Bragantino,66600.0,2300.0,25.0,4.0,0.0,7.0,4,53,0.0,20,8,3,3,16,12,1,CR Vasco da Gama,84750.0,2290.0,27.5,3.0,2.0,12.0,53957.0,1,47,8,3,5,3,12,17,0,2020,31.Rodada
72.000,0,CR Flamengo,201250.0,6490.0,27.0,12.0,1.0,7.0,2,51,109442.0,15,4,0,4,14,26,1,SE Palmeiras,228450.0,7370.0,25.8,7.0,1.0,8.0,175974.0,0,49,6,4,5,1,25,15,2,2020,31.Rodada
60.326,0,Fortaleza EC,47150.0,1630.0,30.0,2.0,1.0,10.0,2,47,34119.0,10,4,3,7,13,20,4,Santos FC,88750.0,2610.0,26.7,3.0,2.0,8.0,70773.0,0,53,12,8,1,5,18,14,1,2020,31.Rodada
12.500,0,Goiás EC,13800.0,460.0,28.1,0.0,0.0,3.0,0,56,0.0,14,9,0,6,9,12,1,Ceará SC,25600.0,731.0,28.5,0.0,0.0,5.0,10236.0,4,44,12,3,2,1,11,10,0,2020,31.Rodada
49.205,0,SC Corinthians,111250.0,3370.0,26.4,5.0,2.0,10.0,3,61,116188.0,20,6,4,6,5,9,2,Sport Recife,33250.0,1010.0,28.1,0.0,1.0,8.0,43659.0,0,39,10,4,9,5,9,7,3,2020,31.Rodada
67.428,0,São Paulo FC,76850.0,2260.0,27.0,7.0,0.0,7.0,1,64,151724.0,18,11,2,7,16,19,1,Coritiba FC,16500.0,569.0,27.8,1.0,0.0,4.0,38000.0,1,36,10,5,5,2,15,16,0,2020,32.Rodada
24.584,0,CR Vasco da Gama,84750.0,2290.0,27.5,3.0,2.0,12.0,3,25,53957.0,6,2,2,2,10,15,0,Atlético Mineiro,87500.0,3020.0,27.1,3.0,2.0,7.0,85000.0,2,75,17,9,0,9,13,11,0,2020,32.Rodada
56.000,0,SC Internacional,97050.0,2370.0,25.3,4.0,3.0,9.0,2,46,142000.0,17,5,2,6,14,19,0,Grêmio FBPA,93600.0,2840.0,26.4,3.0,2.0,11.0,148613.0,1,54,9,4,3,1,19,15,1,2020,32.Rodada
42.372,0,Athletico Paranaense,38300.0,1200.0,26.3,1.0,3.0,8.0,2,41,0.0,11,1,1,3,9,20,4,CR Flamengo,201250.0,6490.0,27.0,12.0,1.0,7.0,109442.0,1,59,12,4,6,3,20,11,1,2020,32.Rodada
60.326,0,Ceará SC,25600.0,731.0,28.5,0.0,0.0,5.0,2,40,10236.0,9,5,3,2,15,9,3,SE Palmeiras,228450.0,7370.0,25.8,7.0,1.0,8.0,175974.0,1,60,12,5,1,7,9,16,6,2020,32.Rodada
35.000,0,Sport Recife,33250.0,1010.0,28.1,0.0,1.0,8.0,2,57,43659.0,18,4,2,10,8,16,5,EC Bahia,90600.0,3020.0,27.7,2.0,1.0,5.0,75000.0,0,43,9,5,4,3,14,8,1,2020,32.Rodada
13.000,0,Atlético Goianiense,17100.0,518.0,26.9,0.0,1.0,4.0,2,45,0.0,7,2,3,5,13,12,0,Fortaleza EC,47150.0,1630.0,30.0,2.0,1.0,10.0,34119.0,0,55,11,4,1,5,10,13,2,2020,32.Rodada
20.120,0,Santos FC,88750.0,2610.0,26.7,3.0,2.0,8.0,3,63,70773.0,20,7,2,11,19,11,4,Goiás EC,13800.0,460.0,28.1,0.0,0.0,3.0,0.0,4,37,17,8,5,3,11,19,2,2020,32.Rodada
24.500,0,Fluminense FC,66750.0,1850.0,28.2,6.0,2.0,9.0,2,48,48280.0,12,5,0,2,19,20,0,Botafogo FR,119000.0,3970.0,25.8,4.0,3.0,5.0,56417.0,0,52,5,3,3,1,19,20,1,2020,32.Rodada
49.205,0,SC Corinthians,111250.0,3370.0,26.4,5.0,2.0,10.0,0,59,116188.0,13,4,3,8,14,16,2,RB Bragantino,66600.0,2300.0,25.0,4.0,0.0,7.0,0.0,2,41,13,5,5,3,15,14,3,2020,32.Rodada
24.584,0,CR Vasco da Gama,84750.0,2290.0,27.5,3.0,2.0,12.0,0,49,53957.0,8,3,2,6,15,15,0,EC Bahia,90600.0,3020.0,27.7,2.0,1.0,5.0,75000.0,0,51,9,5,5,6,13,16,1,2020,33.Rodada
37.182,0,Coritiba FC,16500.0,569.0,27.8,1.0,0.0,4.0,1,47,38000.0,8,4,2,2,11,26,0,Grêmio FBPA,93600.0,2840.0,26.4,3.0,2.0,11.0,148613.0,1,53,20,13,1,3,26,12,2,2020,33.Rodada
13.000,0,Atlético Goianiense,17100.0,518.0,26.9,0.0,1.0,4.0,2,41,0.0,11,4,2,8,8,13,1,São Paulo FC,76850.0,2260.0,27.0,7.0,0.0,7.0,151724.0,1,59,13,7,1,5,13,9,1,2020,33.Rodada
57.000,0,Atlético Mineiro,87500.0,3020.0,27.1,3.0,2.0,7.0,2,72,85000.0,12,5,1,5,13,16,3,Fortaleza EC,47150.0,1630.0,30.0,2.0,1.0,10.0,34119.0,0,28,4,2,3,1,15,15,2,2020,33.Rodada
56.000,0,SC Internacional,97050.0,2370.0,25.3,4.0,3.0,9.0,2,36,142000.0,12,5,5,3,10,11,0,RB Bragantino,66600.0,2300.0,25.0,4.0,0.0,7.0,0.0,1,64,16,7,1,7,11,12,0,2020,33.Rodada
60.326,0,Ceará SC,25600.0,731.0,28.5,0.0,0.0,5.0,0,45,10236.0,9,5,0,4,18,15,1,Athletico Paranaense,38300.0,1200.0,26.3,1.0,3.0,8.0,0.0,2,55,11,5,2,4,15,18,2,2020,33.Rodada
46.000,0,Fluminense FC,66750.0,1850.0,28.2,6.0,2.0,9.0,3,43,48280.0,17,10,0,7,14,9,1,Goiás EC,13800.0,460.0,28.1,0.0,0.0,3.0,0.0,0,57,12,9,3,2,8,15,0,2020,33.Rodada
35.000,0,Sport Recife,33250.0,1010.0,28.1,0.0,1.0,8.0,0,38,43659.0,8,3,6,2,19,15,0,CR Flamengo,201250.0,6490.0,27.0,12.0,1.0,7.0,109442.0,3,62,21,8,2,6,13,20,1,2020,33.Rodada
43.600,0,SE Palmeiras,228450.0,7370.0,25.8,7.0,1.0,8.0,1,54,175974.0,17,9,2,12,9,16,1,Botafogo FR,119000.0,3970.0,25.8,4.0,3.0,5.0,56417.0,1,46,17,9,1,6,15,10,0,2020,33.Rodada
20.120,0,Santos FC,88750.0,2610.0,26.7,3.0,2.0,8.0,1,46,70773.0,11,2,4,6,24,24,2,SC Corinthians,111250.0,3370.0,26.4,5.0,2.0,10.0,116188.0,0,54,11,4,4,5,23,25,2,2020,33.Rodada
60.540,0,Grêmio FBPA,93600.0,2840.0,26.4,3.0,2.0,11.0,3,63,148613.0,17,9,2,5,19,12,1,Santos FC,88750.0,2610.0,26.7,3.0,2.0,8.0,70773.0,3,37,9,0,3,3,10,20,0,2020,34.Rodada
13.212,0,RB Bragantino,66600.0,2300.0,25.0,4.0,0.0,7.0,2,52,0.0,20,5,1,8,6,15,2,Atlético Goianiense,17100.0,518.0,26.9,0.0,1.0,4.0,0.0,0,48,8,7,8,3,15,7,1,2020,34.Rodada
49.205,0,SC Corinthians,111250.0,3370.0,26.4,5.0,2.0,10.0,2,35,116188.0,18,6,0,8,13,18,2,Ceará SC,25600.0,731.0,28.5,0.0,0.0,5.0,10236.0,1,65,7,4,5,3,18,14,2,2020,34.Rodada
55.000,0,EC Bahia,90600.0,3020.0,27.7,2.0,1.0,5.0,0,54,75000.0,12,3,5,4,11,15,0,Fluminense FC,66750.0,1850.0,28.2,6.0,2.0,9.0,48280.0,1,46,13,6,6,1,15,11,2,2020,34.Rodada
12.500,0,Goiás EC,13800.0,460.0,28.1,0.0,0.0,3.0,1,23,0.0,3,1,2,1,13,13,2,Atlético Mineiro,87500.0,3020.0,27.1,3.0,2.0,7.0,85000.0,0,77,19,12,0,8,13,13,4,2020,34.Rodada
60.326,0,Fortaleza EC,47150.0,1630.0,30.0,2.0,1.0,10.0,3,53,34119.0,16,6,1,4,14,18,0,Coritiba FC,16500.0,569.0,27.8,1.0,0.0,4.0,38000.0,1,47,5,3,5,4,17,15,3,2020,34.Rodada
78.838,0,CR Flamengo,201250.0,6490.0,27.0,12.0,1.0,7.0,2,60,109442.0,17,4,3,7,14,19,0,CR Vasco da Gama,84750.0,2290.0,27.5,3.0,2.0,12.0,53957.0,0,40,6,2,4,5,19,15,1,2020,34.Rodada
42.372,0,Athletico Paranaense,38300.0,1200.0,26.3,1.0,3.0,8.0,0,69,0.0,12,8,1,3,20,15,2,SC Internacional,97050.0,2370.0,25.3,4.0,3.0,9.0,142000.0,0,31,5,3,4,2,13,20,1,2020,34.Rodada
46.931,0,Botafogo FR,119000.0,3970.0,25.8,4.0,3.0,5.0,0,66,56417.0,25,10,1,10,17,11,3,Sport Recife,33250.0,1010.0,28.1,0.0,1.0,8.0,43659.0,1,34,10,3,5,8,9,19,0,2020,34.Rodada
67.428,0,São Paulo FC,76850.0,2260.0,27.0,7.0,0.0,7.0,1,42,151724.0,7,2,1,1,12,16,3,SE Palmeiras,228450.0,7370.0,25.8,7.0,1.0,8.0,175974.0,1,58,8,5,2,5,14,14,3,2020,34.Rodada
55.000,0,EC Bahia,90600.0,3020.0,27.7,2.0,1.0,5.0,3,48,75000.0,9,1,3,8,13,18,1,Goiás EC,13800.0,460.0,28.1,0.0,0.0,3.0,0.0,3,52,17,8,4,1,17,13,1,2020,35.Rodada
13.000,0,Atlético Goianiense,17100.0,518.0,26.9,0.0,1.0,4.0,1,31,0.0,8,5,2,0,13,18,1,Santos FC,88750.0,2610.0,26.7,3.0,2.0,8.0,70773.0,1,69,18,11,2,10,16,13,4,2020,35.Rodada
13.212,0,RB Bragantino,66600.0,2300.0,25.0,4.0,0.0,7.0,1,46,0.0,12,7,6,5,15,19,1,CR Flamengo,201250.0,6490.0,27.0,12.0,1.0,7.0,109442.0,1,54,16,4,4,4,18,17,4,2020,35.Rodada
46.931,0,Botafogo FR,119000.0,3970.0,25.8,4.0,3.0,5.0,2,47,56417.0,18,10,2,5,18,14,1,Grêmio FBPA,93600.0,2840.0,26.4,3.0,2.0,11.0,148613.0,5,53,13,3,4,2,14,18,1,2020,35.Rodada
56.000,0,SC Internacional,97050.0,2370.0,25.3,4.0,3.0,9.0,1,60,142000.0,17,8,0,7,11,12,0,Sport Recife,33250.0,1010.0,28.1,0.0,1.0,8.0,43659.0,2,40,7,3,1,3,11,11,1,2020,35.Rodada
60.326,0,Fortaleza EC,47150.0,1630.0,30.0,2.0,1.0,10.0,3,44,34119.0,17,5,1,5,13,15,1,CR Vasco da Gama,84750.0,2290.0,27.5,3.0,2.0,12.0,53957.0,0,56,12,5,4,7,15,14,1,2020,35.Rodada
67.428,0,São Paulo FC,76850.0,2260.0,27.0,7.0,0.0,7.0,1,61,151724.0,16,5,1,6,16,10,2,Ceará SC,25600.0,731.0,28.5,0.0,0.0,5.0,10236.0,1,39,8,4,8,4,10,17,2,2020,35.Rodada
82.238,0,Fluminense FC,66750.0,1850.0,28.2,6.0,2.0,9.0,0,28,48280.0,10,4,1,6,11,8,3,Atlético Mineiro,87500.0,3020.0,27.1,3.0,2.0,7.0,85000.0,0,72,8,4,3,6,6,13,1,2020,35.Rodada
49.205,0,SC Corinthians,111250.0,3370.0,26.4,5.0,2.0,10.0,3,45,116188.0,18,6,3,3,11,19,0,Athletico Paranaense,38300.0,1200.0,26.3,1.0,3.0,8.0,0.0,3,55,12,3,6,2,17,12,0,2020,35.Rodada
37.182,0,Coritiba FC,16500.0,569.0,27.8,1.0,0.0,4.0,1,47,38000.0,13,6,4,5,19,16,1,SE Palmeiras,228450.0,7370.0,25.8,7.0,1.0,8.0,175974.0,0,53,15,8,3,4,16,20,3,2020,35.Rodada
12.500,0,Goiás EC,13800.0,460.0,28.1,0.0,0.0,3.0,2,54,0.0,11,3,3,2,23,22,2,Botafogo FR,119000.0,3970.0,25.8,4.0,3.0,5.0,56417.0,0,46,11,6,5,5,21,26,2,2020,36.Rodada
20.120,0,Santos FC,88750.0,2610.0,26.7,3.0,2.0,8.0,2,57,70773.0,17,8,3,7,14,15,3,Coritiba FC,16500.0,569.0,27.8,1.0,0.0,4.0,38000.0,0,43,8,4,4,3,15,16,1,2020,36.Rodada
57.000,0,Atlético Mineiro,87500.0,3020.0,27.1,3.0,2.0,7.0,1,71,85000.0,21,6,4,6,9,10,1,EC Bahia,90600.0,3020.0,27.7,2.0,1.0,5.0,75000.0,1,29,13,4,3,2,10,9,1,2020,36.Rodada
78.838,0,CR Flamengo,201250.0,6490.0,27.0,12.0,1.0,7.0,2,66,109442.0,14,8,2,4,16,21,4,SC Corinthians,111250.0,3370.0,26.4,5.0,2.0,10.0,116188.0,1,34,11,1,3,3,20,16,1,2020,36.Rodada
24.584,0,CR Vasco da Gama,84750.0,2290.0,27.5,3.0,2.0,12.0,0,64,53957.0,8,5,5,3,20,9,2,SC Internacional,97050.0,2370.0,25.3,4.0,3.0,9.0,142000.0,2,36,16,5,0,9,9,20,0,2020,36.Rodada
43.600,0,SE Palmeiras,228450.0,7370.0,25.8,7.0,1.0,8.0,3,68,175974.0,13,4,1,3,10,16,4,Fortaleza EC,47150.0,1630.0,30.0,2.0,1.0,10.0,34119.0,0,32,5,2,3,4,15,11,0,2020,36.Rodada
42.372,0,Athletico Paranaense,38300.0,1200.0,26.3,1.0,3.0,8.0,2,60,0.0,8,5,3,7,9,14,4,Atlético Goianiense,17100.0,518.0,26.9,0.0,1.0,4.0,0.0,1,40,11,6,1,4,14,9,3,2020,36.Rodada
60.540,0,Grêmio FBPA,93600.0,2840.0,26.4,3.0,2.0,11.0,1,51,148613.0,5,1,2,5,18,19,0,São Paulo FC,76850.0,2260.0,27.0,7.0,0.0,7.0,151724.0,2,49,11,6,2,2,18,18,0,2020,36.Rodada
60.326,0,Ceará SC,25600.0,731.0,28.5,0.0,0.0,5.0,1,52,10236.0,13,6,1,9,8,18,0,Fluminense FC,66750.0,1850.0,28.2,6.0,2.0,9.0,48280.0,3,48,9,3,4,0,17,8,0,2020,36.Rodada
35.000,0,Sport Recife,33250.0,1010.0,28.1,0.0,1.0,8.0,0,31,43659.0,4,3,6,1,10,8,0,RB Bragantino,66600.0,2300.0,25.0,4.0,0.0,7.0,0.0,0,69,22,10,1,15,8,10,1,2020,36.Rodada
37.182,0,Coritiba FC,16500.0,569.0,27.8,1.0,0.0,4.0,0,63,38000.0,16,8,2,7,9,14,2,Ceará SC,25600.0,731.0,28.5,0.0,0.0,5.0,10236.0,2,37,11,5,5,5,12,9,1,2020,37.Rodada
60.326,0,Fortaleza EC,47150.0,1630.0,30.0,2.0,1.0,10.0,0,61,34119.0,11,5,3,2,12,15,0,EC Bahia,90600.0,3020.0,27.7,2.0,1.0,5.0,75000.0,4,39,12,5,3,0,13,13,1,2020,37.Rodada
78.838,0,CR Flamengo,201250.0,6490.0,27.0,12.0,1.0,7.0,2,59,109442.0,10,3,2,1,13,21,3,SC Internacional,97050.0,2370.0,25.3,4.0,3.0,9.0,142000.0,1,41,12,4,2,4,20,15,0,2020,37.Rodada
49.205,0,SC Corinthians,111250.0,3370.0,26.4,5.0,2.0,10.0,0,67,116188.0,14,3,0,7,14,23,1,CR Vasco da Gama,84750.0,2290.0,27.5,3.0,2.0,12.0,53957.0,0,33,8,6,4,4,22,18,6,2020,37.Rodada
35.000,0,Sport Recife,33250.0,1010.0,28.1,0.0,1.0,8.0,2,39,43659.0,9,3,8,2,13,16,0,Atlético Mineiro,87500.0,3020.0,27.1,3.0,2.0,7.0,85000.0,3,61,25,12,1,4,14,13,0,2020,37.Rodada
20.120,0,Santos FC,88750.0,2610.0,26.7,3.0,2.0,8.0,1,62,70773.0,8,5,2,4,17,20,1,Fluminense FC,66750.0,1850.0,28.2,6.0,2.0,9.0,48280.0,1,38,7,3,1,4,19,19,1,2020,37.Rodada
60.540,0,Grêmio FBPA,93600.0,2840.0,26.4,3.0,2.0,11.0,1,50,148613.0,11,7,3,2,17,19,1,Athletico Paranaense,38300.0,1200.0,26.3,1.0,3.0,8.0,0.0,0,50,8,5,1,2,19,17,4,2020,37.Rodada
12.500,0,Goiás EC,13800.0,460.0,28.1,0.0,0.0,3.0,0,43,0.0,14,8,5,3,20,18,1,RB Bragantino,66600.0,2300.0,25.0,4.0,0.0,7.0,0.0,0,57,14,4,1,11,18,20,1,2020,37.Rodada
43.600,0,SE Palmeiras,228450.0,7370.0,25.8,7.0,1.0,8.0,1,64,175974.0,19,11,2,9,13,20,0,Atlético Goianiense,17100.0,518.0,26.9,0.0,1.0,4.0,0.0,1,36,9,5,3,6,20,13,1,2020,37.Rodada
46.931,0,Botafogo FR,119000.0,3970.0,25.8,4.0,3.0,5.0,1,48,56417.0,19,3,1,4,15,12,2,São Paulo FC,76850.0,2260.0,27.0,7.0,0.0,7.0,151724.0,0,52,7,5,7,3,12,15,0,2020,37.Rodada
67.428,0,São Paulo FC,76850.0,2260.0,27.0,7.0,0.0,7.0,2,36,151724.0,4,1,0,1,23,27,0,CR Flamengo,201250.0,6490.0,27.0,12.0,1.0,7.0,109442.0,1,64,19,13,0,7,27,24,2,2020,38.Rodada
82.238,0,Fluminense FC,66750.0,1850.0,28.2,6.0,2.0,9.0,2,49,48280.0,9,2,2,3,12,10,0,Fortaleza EC,47150.0,1630.0,30.0,2.0,1.0,10.0,34119.0,0,51,9,7,1,5,9,12,1,2020,38.Rodada
24.584,0,CR Vasco da Gama,84750.0,2290.0,27.5,3.0,2.0,12.0,3,49,53957.0,27,6,3,9,17,12,2,Goiás EC,13800.0,460.0,28.1,0.0,0.0,3.0,0.0,2,51,20,7,9,6,12,18,2,2020,38.Rodada
13.212,0,RB Bragantino,66600.0,2300.0,25.0,4.0,0.0,7.0,1,56,0.0,19,7,2,3,12,24,1,Grêmio FBPA,93600.0,2840.0,26.4,3.0,2.0,11.0,148613.0,0,44,15,12,5,7,24,12,0,2020,38.Rodada
57.000,0,Atlético Mineiro,87500.0,3020.0,27.1,3.0,2.0,7.0,2,52,85000.0,19,7,4,5,17,22,5,SE Palmeiras,228450.0,7370.0,25.8,7.0,1.0,8.0,175974.0,0,48,9,4,6,4,21,17,1,2020,38.Rodada
56.000,0,SC Internacional,97050.0,2370.0,25.3,4.0,3.0,9.0,0,53,142000.0,16,6,1,12,13,13,6,SC Corinthians,111250.0,3370.0,26.4,5.0,2.0,10.0,116188.0,0,47,6,2,5,5,12,16,1,2020,38.Rodada
55.000,0,EC Bahia,90600.0,3020.0,27.7,2.0,1.0,5.0,2,49,75000.0,16,8,5,4,13,11,2,Santos FC,88750.0,2610.0,26.7,3.0,2.0,8.0,70773.0,0,51,15,6,3,4,11,13,1,2020,38.Rodada
42.372,0,Athletico Paranaense,38300.0,1200.0,26.3,1.0,3.0,8.0,2,56,0.0,18,8,4,8,9,15,2,Sport Recife,33250.0,1010.0,28.1,0.0,1.0,8.0,43659.0,0,44,15,6,6,5,15,10,2,2020,38.Rodada
60.326,0,Ceará SC,25600.0,731.0,28.5,0.0,0.0,5.0,2,48,10236.0,12,5,2,5,4,7,0,Botafogo FR,119000.0,3970.0,25.8,4.0,3.0,5.0,56417.0,1,52,17,8,4,7,5,4,2,2020,38.Rodada
13.000,0,Atlético Goianiense,17100.0,518.0,26.9,0.0,1.0,4.0,3,56,0.0,18,8,0,7,9,8,1,Coritiba FC,16500.0,569.0,27.8,1.0,0.0,4.0,38000.0,1,44,9,8,4,4,8,9,1,2020,38.Rodada
